,1,2,3,4,5,6,7,8,9,10,11,12,13,14,15,16,17,18,19,20,21,22,23,24,25,26,27,28,29,30,31,32,33,34,35,36,37,38,39,40,41,42,43,44,45,46,47,48,49,50,51,52,53,54,55,56,57,58,59,60,61,62,63,64,65,66,67,68,69,70,71,72,73,74,75,76,77,78,79,80,81,82,83,84,85,86,87,88,89,90,91,92,93,94,95
168,d1,d1,d1,d1,d1,d1,d1,d1,d1,d1,d1,d1,d1,d1,d1,d1,d1,d1,d1,d1,d1,d1,d1,d1,d1,d1,d1,d1,d1,d1,d1,d1,d1,d1,d1,d1,d1,d1,d1,d1,d1,d1,d1,d1,d1,d1,d1,d1,d1,d1,d1,d1,d1,d1,d1,d1,d1,d1,d1,d1,d1,d1,d1,d1,d1,d1,d1,d1,d1,d1,d1,d1,d1,d1,d1,d1,d1,d1,d1,d1,d1,d1,d1,d1,d1,d1,d1,d1,d1,d1,d1,d1,d1,d1,d1
167,d1,d1,d1,d1,d1,d1,d1,d1,d1,d1,d1,d1,d1,d1,d1,d1,d1,d1,d1,d1,d1,d1,d1,d1,d1,d1,d1,d1,d1,d1,d1,d1,d1,d1,d1,d1,d1,d1,d1,d1,d1,d1,d1,d1,d1,d1,d1,d1,d1,d1,d1,d1,d1,d1,d1,d1,d1,d1,d1,d1,d1,d1,d1,d1,d1,d1,d1,d1,d1,d1,d1,d1,d1,d1,d1,d1,d1,d1,d1,d1,d1,d1,d1,d1,d1,d1,d1,d1,d1,d1,d1,d1,d1,d1,d1
166,d1,d1,d1,d1,d1,d1,d1,d1,d1,d1,d1,d1,d1,d1,d1,d1,d1,d1,d1,d1,d1,d1,d1,d1,d1,d1,d1,d1,d1,d1,d1,d1,d1,d1,d1,d1,d1,d1,d1,d1,d1,d1,d1,d1,d1,d1,d1,d1,d1,d1,d1,d1,d1,d1,d1,d1,d1,d1,d1,d1,d1,d1,d1,d1,d1,d1,d1,d1,d1,d1,d1,d1,d1,d1,d1,d1,d1,d1,d1,d1,d1,d1,d1,d1,d1,d1,d1,d1,d1,d1,d1,d1,d1,d1,d1
165,d1,d1,d1,d1,d1,d1,d1,d1,d1,d1,d1,d1,d1,d1,d1,d1,d1,d1,d1,d1,d1,d1,d1,d1,d1,d1,d1,d1,d1,d1,d1,d1,d1,d1,d1,d1,d1,d1,d1,d1,d1,d1,d1,d1,d1,d1,d1,d1,d1,d1,d1,d1,d1,d1,d1,d1,d1,d1,d1,d1,d1,d1,d1,d1,d1,d1,d1,d1,d1,d1,d1,d1,d1,d1,d1,d1,d1,d1,d1,d1,d1,d1,d1,d1,d1,d1,d1,d1,d1,d1,d1,d1,d1,d1,d1
164,d1,d1,d1,d1,d1,y4,y4,y4,y4,y4,y4,y4,y4,y4,y4,y4,y4,y4,y4,y4,y4,y4,y4,y4,y4,y4,y4,y4,y4,y4,y4,y4,y4,y4,y4,y4,y4,y4,y4,y4,y4,y4,y4,y4,y4,y4,y4,y4,y4,y4,y4,y4,y4,y4,y4,y4,y4,y4,y4,y4,y4,y4,y4,y4,y4,y4,y4,y4,y4,y4,y4,y4,y4,y4,y4,y4,y4,y4,y4,y4,y4,y4,y4,y4,y4,y4,y4,y4,y4,y4,d1,d1,d1,d1,d1
163,d1,d1,d1,d1,d1,y4,y4,y4,y4,y4,y4,y4,y4,y4,y4,y4,y4,y4,y4,y4,y4,y4,y4,y4,y4,y4,y4,y4,y4,y4,y4,y4,y4,y4,y4,y4,y4,y4,y4,y4,y4,y4,y4,y4,y4,y4,y4,y4,y4,y4,y4,y4,y4,y4,y4,y4,y4,y4,y4,y4,y4,y4,y4,y4,y4,y4,y4,y4,y4,y4,y4,y4,y4,y4,y4,y4,y4,y4,y4,y4,y4,y4,y4,y4,y4,y4,y4,y4,y4,y4,d1,d1,d1,d1,d1
162,d1,d1,d1,d1,d1,y4,y4,y4,y4,y4,y4,y4,y4,y4,y4,y4,y4,y4,y4,y4,y4,y4,y4,y4,y4,y4,y4,y4,y4,y4,y4,y4,y4,y4,y4,y4,y4,y4,y4,y4,y4,y4,y4,y4,y4,y4,y4,y4,y4,y4,y4,y4,y4,y4,y4,y4,y4,y4,y4,y4,y4,y4,y4,y4,y4,y4,y4,y4,y4,y4,y4,y4,y4,y4,y4,y4,y4,y4,y4,y4,y4,y4,y4,y4,y4,y4,y4,y4,y4,y4,d1,d1,d1,d1,d1
161,d1,d1,d1,d1,d1,y4,y4,y4,y4,y4,y4,y4,y4,y4,y4,y4,y4,y4,y4,y4,y4,y4,y4,y4,y4,y4,y4,y4,y4,y4,y4,y4,y4,y4,y4,y4,y4,y4,y4,y4,y4,y4,y4,y4,y4,y4,y4,y4,y4,y4,y4,y4,y4,y4,y4,y4,y4,y4,y4,y4,y4,y4,y4,y4,y4,y4,y4,y4,y4,y4,y4,y4,y4,y4,y4,y4,y4,y4,y4,y4,y4,y4,y4,y4,y4,y4,y4,y4,y4,y4,d1,d1,d1,d1,d1
160,d1,d1,d1,d1,d1,y4,y4,y4,y4,y4,y4,y4,y4,y4,y4,y4,y4,y4,y4,y4,y4,y4,y4,y4,y4,y4,y4,y4,y4,y4,y4,y4,y4,y4,y4,y4,y4,y4,y4,y4,y4,y4,y4,y4,y4,y4,y4,y4,y4,y4,y4,y4,y4,y4,y4,y4,y4,y4,y4,y4,y4,y4,y4,y4,y4,y4,y4,y4,y4,y4,y4,y4,y4,y4,y4,y4,y4,y4,y4,y4,y4,y4,y4,y4,y4,y4,y4,y4,y4,y4,d1,d1,d1,d1,d1
159,d1,d1,d1,d1,d1,y4,y4,y4,y4,y4,y4,y4,y4,y4,y4,y4,y4,y4,y4,y4,y4,y4,y4,y4,y4,y4,y4,y4,y4,y4,y4,y4,y4,y4,y4,y4,y4,y4,y4,y4,y4,y4,y4,y4,y4,y4,y4,y4,y4,y4,y4,y4,y4,y4,y4,y4,y4,y4,y4,y4,y4,y4,y4,y4,y4,y4,y4,y4,y4,y4,y4,y4,y4,y4,y4,y4,y4,y4,y4,y4,y4,y4,y4,y4,y4,y4,y4,y4,y4,y4,d1,d1,d1,d1,d1
158,d1,d1,d1,d1,d1,y4,y4,y4,y4,y4,y4,y4,y4,y4,y4,y4,y4,y4,y4,y4,y4,y4,y4,y4,y4,y4,y4,y4,y4,y4,y4,y4,y4,y4,y4,y4,y4,y4,y4,y4,y4,y4,y4,y4,y4,y4,y4,y4,y4,y4,y4,y4,y4,y4,y4,y4,y4,y4,y4,y4,y4,y4,y4,y4,y4,y4,y4,y4,y4,y4,y4,y4,y4,y4,y4,y4,y4,y4,y4,y4,y4,y4,y4,y4,y4,y4,y4,y4,y4,y4,d1,d1,d1,d1,d1
157,d1,d1,d1,d1,d1,y4,y4,y4,y4,y4,y4,y4,y4,y4,y4,y4,y4,y4,y4,y4,y4,y4,y4,y4,y4,y4,y4,y4,y4,y4,y4,y4,y4,y4,y4,y4,y4,y4,y4,y4,y4,y4,y4,y4,y4,y4,y4,y4,y4,y4,y4,y4,y4,y4,y4,y4,y4,y4,y4,y4,y4,y4,y4,y4,y4,y4,y4,y4,y4,y4,y4,y4,y4,y4,y4,y4,y4,y4,y4,y4,y4,y4,y4,y4,y4,y4,y4,y4,y4,y4,d1,d1,d1,d1,d1
156,d1,d1,d1,d1,d1,y4,y4,y4,y4,y4,y4,y4,y4,y4,y4,y4,y4,y4,y4,y4,y4,y4,y4,y4,y4,y4,y4,y4,y4,y4,y4,y4,y4,y4,y4,y4,y4,y4,y4,y4,y4,y4,y4,y4,y4,y4,y4,y4,y4,y4,y4,y4,y4,y4,y4,y4,y4,y4,y4,y4,y4,y4,y4,y4,y4,y4,y4,y4,y4,y4,y4,y4,y4,y4,y4,y4,y4,y4,y4,y4,y4,y4,y4,y4,y4,y4,y4,y4,y4,y4,d1,d1,d1,d1,d1
155,d1,d1,d1,d1,d1,y4,y4,y4,y4,y4,y4,y4,y4,y4,y4,y4,y4,y4,y4,y4,y4,y4,y4,y4,y4,y4,y4,y4,y4,y4,y4,y4,y4,y4,y4,y4,y4,y4,y4,y4,y4,y4,y4,y4,y4,y4,y4,y4,y4,y4,y4,y4,y4,y4,y4,y4,y4,y4,y4,y4,y4,y4,y4,y4,y4,y4,y4,y4,y4,y4,y4,y4,y4,y4,y4,y4,y4,y4,y4,y4,y4,y4,y4,y4,y4,y4,y4,y4,y4,y4,d1,d1,d1,d1,d1
154,d1,d1,d1,d1,d1,y4,y4,y4,y4,y4,y4,y4,y4,y4,y4,y4,y4,y4,y4,y4,y4,y4,y4,y4,y4,y4,y4,y4,y4,y4,y4,y4,y4,y4,y4,y4,y4,y4,y4,y4,y4,y4,y4,y4,y4,y4,y4,y4,y4,y4,y4,y4,y4,y4,y4,y4,y4,y4,y4,y4,y4,y4,y4,y4,y4,y4,y4,y4,y4,y4,y4,y4,y4,y4,y4,y4,y4,y4,y4,y4,y4,y4,y4,y4,y4,y4,y4,y4,y4,y4,d1,d1,d1,d1,d1
153,d1,d1,d1,d1,d1,y4,y4,y4,y4,y4,y4,y4,y4,y4,y4,y4,y4,y4,y4,y4,y4,y4,y4,y4,y4,y4,y4,y4,y4,y4,y4,y4,y4,y4,y4,y4,y4,y4,y4,y4,y4,y4,y4,y4,y4,y4,y4,y4,y4,y4,y4,y4,y4,y4,y4,y4,y4,y4,y4,y4,y4,y4,y4,y4,y4,y4,y4,y4,y4,y4,y4,y4,y4,y4,y4,y4,y4,y4,y4,y4,y4,y4,y4,y4,y4,y4,y4,y4,y4,y4,d1,d1,d1,d1,d1
152,d1,d1,d1,d1,d1,y4,y4,y4,y4,y4,y4,y4,y4,y4,y4,y4,y4,y4,y4,y4,y4,y4,y4,y4,y4,y4,y4,y4,y4,y4,y4,y4,y4,y4,y4,y4,y4,y4,y4,y4,y4,y4,y4,y4,y4,y4,y4,y4,y4,y4,y4,y4,y4,y4,y4,y4,y4,y4,y4,y4,y4,y4,y4,y4,y4,y4,y4,y4,y4,y4,y4,y4,y4,y4,y4,y4,y4,y4,y4,y4,y4,y4,y4,y4,y4,y4,y4,y4,y4,y4,d1,d1,d1,d1,d1
151,d1,d1,d1,d1,d1,y4,y4,y4,y4,y4,y4,y4,y4,y4,y4,y4,y4,y4,y4,y4,y4,y4,y4,y4,y4,y4,y4,y4,y4,y4,y4,y4,y4,y4,y4,y4,y4,y4,y4,y4,y4,y4,y4,y4,y4,y4,y4,y4,y4,y4,y4,y4,y4,y4,y4,y4,y4,y4,y4,y4,y4,y4,y4,y4,y4,y4,y4,y4,y4,y4,y4,y4,y4,y4,y4,y4,y4,y4,y4,y4,y4,y4,y4,y4,y4,y4,y4,y4,y4,y4,d1,d1,d1,d1,d1
150,d1,d1,d1,d1,d1,y4,y4,y4,y4,y4,y4,y4,y4,y4,y4,y4,y4,y4,y4,y4,y4,y4,y4,y4,y4,y4,y4,y4,y4,y4,y4,y4,y4,y4,y4,y4,y4,y4,y4,y4,y4,y4,y4,y4,y4,y4,y4,y4,y4,y4,y4,y4,y4,y4,y4,y4,y4,y4,y4,y4,y4,y4,y4,y4,y4,y4,y4,y4,y4,y4,y4,y4,y4,y4,y4,y4,y4,y4,y4,y4,y4,y4,y4,y4,y4,y4,y4,y4,y4,y4,d1,d1,d1,d1,d1
149,d1,d1,d1,d1,d1,y4,y4,y4,y4,y4,y4,y4,y4,y4,y4,y4,y4,y4,y4,y4,y4,y4,y4,y4,y4,y4,y4,y4,y4,y4,y4,y4,y4,y4,y4,y4,y4,y4,y4,y4,y4,y4,y4,y4,y4,y4,y4,y4,y4,y4,y4,y4,y4,y4,y4,y4,y4,y4,y4,y4,y4,y4,y4,y4,y4,y4,y4,y4,y4,y4,y4,y4,y4,y4,y4,y4,y4,y4,y4,y4,y4,y4,y4,y4,y4,y4,y4,y4,y4,y4,d1,d1,d1,d1,d1
148,d1,d1,d1,d1,d1,y4,y4,y4,y4,y4,y4,y4,y4,y4,y4,y4,y4,y4,y4,y4,y4,y4,y4,y4,y4,y4,y4,y4,y4,y4,y4,y4,y4,y4,y4,y4,y4,y4,y4,y4,y4,y4,y4,y4,y4,y4,y4,y4,y4,y4,y4,y4,y4,y4,y4,y4,y4,y4,y4,y4,y4,y4,y4,y4,y4,y4,y4,y4,y4,y4,y4,y4,y4,y4,y4,y4,y4,y4,y4,y4,y4,y4,y4,y4,y4,y4,y4,y4,y4,y4,d1,d1,d1,d1,d1
147,d1,d1,d1,d1,d1,y4,y4,y4,y4,y4,y4,y4,y4,y4,y4,y4,y4,y4,y4,y4,y4,y4,y4,y4,y4,y4,y4,y4,y4,y4,y4,y4,y4,y4,y4,y4,y4,y4,y4,y4,y4,y4,y4,y4,y4,y4,y4,y4,y4,y4,y4,y4,y4,y4,y4,y4,y4,y4,y4,y4,y4,y4,y4,y4,y4,y4,y4,y4,y4,y4,y4,y4,y4,y4,y4,y4,y4,y4,y4,y4,y4,y4,y4,y4,y4,y4,y4,y4,y4,y4,d1,d1,d1,d1,d1
146,d1,d1,d1,d1,d1,y4,y4,y4,y4,y4,y4,y4,y4,y4,y4,y4,y4,y4,y4,y4,y4,y4,y4,y4,y4,y4,y4,y4,y4,y4,y4,y4,y4,y4,y4,y4,y4,y4,y4,y4,y4,y4,y4,y4,y4,y4,y4,y4,y4,y4,y4,y4,y4,y4,y4,y4,y4,y4,y4,y4,y4,y4,y4,y4,y4,y4,y4,y4,y4,y4,y4,y4,y4,y4,y4,y4,y4,y4,y4,y4,y4,y4,y4,y4,y4,y4,y4,y4,y4,y4,d1,d1,d1,d1,d1
145,d1,d1,d1,d1,d1,y4,y4,y4,y4,y4,y4,y4,y4,y4,y4,y4,y4,y4,y4,y4,y4,y4,y4,y4,y4,y4,y4,y4,y4,y4,y4,y4,y4,y4,y4,y4,y4,y4,y4,y4,y4,y4,y4,y4,y4,y4,y4,y4,y4,y4,y4,y4,y4,y4,y4,y4,y4,y4,y4,y4,y4,y4,y4,y4,y4,y4,y4,y4,y4,y4,y4,y4,y4,y4,y4,y4,y4,y4,y4,y4,y4,y4,y4,y4,y4,y4,y4,y4,y4,y4,d1,d1,d1,d1,d1
144,d1,d1,d1,d1,d1,y4,y4,y4,y4,y4,y4,y4,y4,y4,y4,y4,y4,y4,y4,y4,y4,y4,y4,y4,y4,y4,y4,y4,y4,y4,y4,y4,y4,y4,y4,y4,y4,y4,y4,y4,y4,y4,y4,y4,y4,y4,y4,y4,y4,y4,y4,y4,y4,y4,y4,y4,y4,y4,y4,y4,y4,y4,y4,y4,y4,y4,y4,y4,y4,y4,y4,y4,y4,y4,y4,y4,y4,y4,y4,y4,y4,y4,y4,y4,y4,y4,y4,y4,y4,y4,d1,d1,d1,d1,d1
143,d1,d1,d1,d1,d1,y4,y4,y4,y4,y4,y4,y4,y4,y4,y4,y4,y4,y4,y4,y4,y4,y4,y4,y4,y4,y4,y4,y4,y4,y4,y4,y4,y4,y4,y4,y4,y4,y4,y4,y4,y4,y4,y4,y4,y4,y4,y4,y4,y4,y4,y4,y4,y4,y4,y4,y4,y4,y4,y4,y4,y4,y4,y4,y4,y4,y4,y4,y4,y4,y4,y4,y4,y4,y4,y4,y4,y4,y4,y4,y4,y4,y4,y4,y4,y4,y4,y4,y4,y4,y4,d1,d1,d1,d1,d1
142,d1,d1,d1,d1,d1,y4,y4,y4,y4,y4,y4,y4,y4,y4,y4,y4,y4,y4,y4,y4,y4,y4,y4,y4,y4,y4,y4,y4,y4,y4,y4,y4,y4,y4,y4,y4,y4,y4,y4,y4,y4,y4,y4,y4,y4,y4,y4,y4,y4,y4,y4,y4,y4,y4,y4,y4,y4,y4,y4,y4,y4,y4,y4,y4,y4,y4,y4,y4,y4,y4,y4,y4,y4,y4,y4,y4,y4,y4,y4,y4,y4,y4,y4,y4,y4,y4,y4,y4,y4,y4,d1,d1,d1,d1,d1
141,d1,d1,d1,d1,d1,y4,y4,y4,y4,y4,y4,y4,y4,y4,y4,y4,y4,y4,y4,y4,y4,y4,y4,y4,y4,y4,y4,y4,y4,y4,y4,y4,y4,y4,y4,y4,y4,y4,y4,y4,y4,y4,y4,y4,y4,y4,y4,y4,y4,y4,y4,y4,y4,y4,y4,y4,y4,y4,y4,y4,y4,y4,y4,y4,y4,y4,y4,y4,y4,y4,y4,y4,y4,y4,y4,y4,y4,y4,y4,y4,y4,y4,y4,y4,y4,y4,y4,y4,y4,y4,d1,d1,d1,d1,d1
140,d1,d1,d1,d1,d1,y4,y4,y4,y4,y4,y4,y4,y4,y4,y4,y4,y4,y4,y4,y4,y4,y4,y4,y4,y4,y4,y4,y4,y4,y4,y4,y4,y4,y4,y4,y4,y4,y4,y4,y4,y4,y4,y4,y4,y4,y4,y4,y4,y4,y4,y4,y4,y4,y4,y4,y4,y4,y4,y4,y4,y4,y4,y4,y4,y4,y4,y4,y4,y4,y4,y4,y4,y4,y4,y4,y4,y4,y4,y4,y4,y4,y4,y4,y4,y4,y4,y4,y4,y4,y4,d1,d1,d1,d1,d1
139,d1,d1,d1,d1,d1,y4,y4,y4,y4,y4,y4,y4,y4,y4,y4,y4,y4,y4,y4,y4,y4,y4,y4,y4,y4,y4,y4,y4,y4,y4,y4,y4,y4,y4,y4,y4,y4,y4,y4,y4,y4,y4,y4,y4,y4,y4,y4,y4,y4,y4,y4,y4,y4,y4,y4,y4,y4,y4,y4,y4,y4,y4,y4,y4,y4,y4,y4,y4,y4,y4,y4,y4,y4,y4,y4,y4,y4,y4,y4,y4,y4,y4,y4,y4,y4,y4,y4,y4,y4,y4,d1,d1,d1,d1,d1
138,d1,d1,d1,d1,d1,y4,y4,y4,y4,y4,y4,y4,y4,y4,y4,y4,y4,y4,y4,y4,y4,y4,y4,y4,y4,y4,y4,y4,y4,y4,y4,y4,y4,y4,y4,y4,y4,y4,y4,y4,y4,y4,y4,y4,y4,y4,y4,y4,y4,y4,y4,y4,y4,y4,y4,y4,y4,y4,y4,y4,y4,y4,y4,y4,y4,y4,y4,y4,y4,y4,y4,y4,y4,y4,y4,y4,y4,y4,y4,y4,y4,y4,y4,y4,y4,y4,y4,y4,y4,y4,d1,d1,d1,d1,d1
137,d1,d1,d1,d1,d1,y4,y4,y4,y4,y4,y4,y4,y4,y4,y4,y4,y4,y4,y4,y4,y4,y4,y4,y4,y4,y4,y4,y4,y4,y4,y4,y4,y4,y4,y4,y4,y4,y4,y4,y4,y4,y4,y4,y4,y4,y4,y4,y4,y4,y4,y4,y4,y4,y4,y4,y4,y4,y4,y4,y4,y4,y4,y4,y4,y4,y4,y4,y4,y4,y4,y4,y4,y4,y4,y4,y4,y4,y4,y4,y4,y4,y4,y4,y4,y4,y4,y4,y4,y4,y4,d1,d1,d1,d1,d1
136,d1,d1,d1,d1,d1,y4,y4,y4,y4,y4,y4,y4,y4,y4,y4,y4,y4,y4,y4,y4,y4,y4,y4,y4,y4,y4,y4,y4,y4,y4,y4,y4,y4,y4,y4,y4,y4,y4,y4,y4,y4,y4,y4,y4,y4,y4,y4,y4,y4,y4,y4,y4,y4,y4,y4,y4,y4,y4,y4,y4,y4,y4,y4,y4,y4,y4,y4,y4,y4,y4,y4,y4,y4,y4,y4,y4,y4,y4,y4,y4,y4,y4,y4,y4,y4,y4,y4,y4,y4,y4,d1,d1,d1,d1,d1
135,d1,d1,d1,d1,d1,y4,y4,y4,y4,y4,y4,y4,y4,y4,y4,y4,y4,y4,y4,y4,y4,y4,y4,y4,y4,y4,y4,y4,y4,y4,y4,y4,y4,y4,y4,y4,y4,y4,y4,y4,y4,y4,y4,y4,y4,y4,y4,y4,y4,y4,y4,y4,y4,y4,y4,y4,y4,y4,y4,y4,y4,y4,y4,y4,y4,y4,y4,y4,y4,y4,y4,y4,y4,y4,y4,y4,y4,y4,y4,y4,y4,y4,y4,y4,y4,y4,y4,y4,y4,y4,d1,d1,d1,d1,d1
134,d1,d1,d1,d1,d1,y4,y4,y4,y4,y4,y4,y4,y4,y4,y4,y4,y4,y4,y4,y4,y4,y4,y4,y4,y4,y4,y4,y4,y4,y4,y4,y4,y4,y4,y4,y4,y4,y4,y4,y4,y4,y4,y4,y4,y4,y4,y4,y4,y4,y4,y4,y4,y4,y4,y4,y4,y4,y4,y4,y4,y4,y4,y4,y4,y4,y4,y4,y4,y4,y4,y4,y4,y4,y4,y4,y4,y4,y4,y4,y4,y4,y4,y4,y4,y4,y4,y4,y4,y4,y4,d1,d1,d1,d1,d1
133,d1,d1,d1,d1,d1,y4,y4,y4,y4,y4,y4,y4,y4,y4,y4,y4,y4,y4,y4,y4,y4,y4,y4,y4,y4,y4,y4,y4,y4,y4,y4,y4,y4,y4,y4,y4,y4,y4,y4,y4,y4,y4,y4,y4,y4,y4,y4,y4,y4,y4,y4,y4,y4,y4,y4,y4,y4,y4,y4,y4,y4,y4,y4,y4,y4,y4,y4,y4,y4,y4,y4,y4,y4,y4,y4,y4,y4,y4,y4,y4,y4,y4,y4,y4,y4,y4,y4,y4,y4,y4,d1,d1,d1,d1,d1
132,d1,d1,d1,d1,d1,y4,y4,y4,y4,y4,y4,y4,y4,y4,y4,y4,y4,y4,y4,y4,y4,y4,y4,y4,y4,y4,y4,y4,y4,y4,y4,y4,y4,y4,y4,y4,y4,y4,y4,y4,y4,y4,y4,y4,y4,y4,y4,y4,y4,y4,y4,y4,y4,y4,y4,y4,y4,y4,y4,y4,y4,y4,y4,y4,y4,y4,y4,y4,y4,y4,y4,y4,y4,y4,y4,y4,y4,y4,y4,y4,y4,y4,y4,y4,y4,y4,y4,y4,y4,y4,d1,d1,d1,d1,d1
131,d1,d1,d1,d1,d1,y4,y4,y4,y4,y4,y4,y4,y4,y4,y4,y4,y4,y4,y4,y4,y4,y4,y4,y4,y4,y4,y4,y4,y4,y4,y4,y4,y4,y4,y4,y4,y4,y4,y4,y4,y4,y4,y4,y4,y4,y4,y4,y4,y4,y4,y4,y4,y4,y4,y4,y4,y4,y4,y4,y4,y4,y4,y4,y4,y4,y4,y4,y4,y4,y4,y4,y4,y4,y4,y4,y4,y4,y4,y4,y4,y4,y4,y4,y4,y4,y4,y4,y4,y4,y4,d1,d1,d1,d1,d1
130,d1,d1,d1,d1,d1,y4,y4,y4,y4,y4,y4,y4,y4,y4,y4,y4,y4,y4,y4,y4,y4,y4,y4,y4,y4,y4,y4,y4,y4,y4,y4,y4,y4,y4,y4,y4,y4,y4,y4,y4,y4,y4,y4,y4,y4,y4,y4,y4,y4,y4,y4,y4,y4,y4,y4,y4,y4,y4,y4,y4,y4,y4,y4,y4,y4,y4,y4,y4,y4,y4,y4,y4,y4,y4,y4,y4,y4,y4,y4,y4,y4,y4,y4,y4,y4,y4,y4,y4,y4,y4,d1,d1,d1,d1,d1
129,d1,d1,d1,d1,d1,y4,y4,y4,y4,y4,y4,y4,y4,y4,y4,y4,y4,y4,y4,y4,y4,y4,y4,y4,y4,y4,y4,y4,y4,y4,y4,y4,y4,y4,y4,y4,y4,y4,y4,y4,y4,y4,y4,y4,y4,y4,y4,y4,y4,y4,y4,y4,y4,y4,y4,y4,y4,y4,y4,y4,y4,y4,y4,y4,y4,y4,y4,y4,y4,y4,y4,y4,y4,y4,y4,y4,y4,y4,y4,y4,y4,y4,y4,y4,y4,y4,y4,y4,y4,y4,d1,d1,d1,d1,d1
128,d1,d1,d1,d1,d1,y4,y4,y4,y4,y4,y4,y4,y4,y4,y4,y4,y4,y4,y4,y4,y4,y4,y4,y4,y4,y4,y4,y4,y4,y4,y4,y4,y4,y4,y4,y4,y4,y4,y4,y4,y4,y4,y4,y4,y4,y4,y4,y4,y4,y4,y4,y4,y4,y4,y4,y4,y4,y4,y4,y4,y4,y4,y4,y4,y4,y4,y4,y4,y4,y4,y4,y4,y4,y4,y4,y4,y4,y4,y4,y4,y4,y4,y4,y4,y4,y4,y4,y4,y4,y4,d1,d1,d1,d1,d1
127,d1,d1,d1,d1,d1,y4,y4,y4,y4,y4,y4,y4,y4,y4,y4,y4,y4,y4,y4,y4,y4,y4,y4,y4,y4,y4,y4,y4,y4,y4,y4,y4,y4,y4,y4,y4,y4,y4,y4,y4,y4,y4,y4,y4,y4,y4,y4,y4,y4,y4,y4,y4,y4,y4,y4,y4,y4,y4,y4,y4,y4,y4,y4,y4,y4,y4,y4,y4,y4,y4,y4,y4,y4,y4,y4,y4,y4,y4,y4,y4,y4,y4,y4,y4,y4,y4,y4,y4,y4,y4,d1,d1,d1,d1,d1
126,d1,d1,d1,d1,d1,y4,y4,y4,y4,y4,y4,y4,y4,y4,y4,y4,y4,y4,y4,y4,y4,y4,y4,y4,y4,y4,y4,y4,y4,y4,y4,y4,y4,y4,y4,y4,y4,y4,y4,y4,y4,y4,y4,y4,y4,y4,y4,y4,y4,y4,y4,y4,y4,y4,y4,y4,y4,y4,y4,y4,y4,y4,y4,y4,y4,y4,y4,y4,y4,y4,y4,y4,y4,y4,y4,y4,y4,y4,y4,y4,y4,y4,y4,y4,y4,y4,y4,y4,y4,y4,d1,d1,d1,d1,d1
125,d1,d1,d1,d1,d1,y4,y4,y4,y4,y4,y4,y4,y4,y4,y4,y4,y4,y4,y4,y4,y4,y4,y4,y4,y4,y4,y4,y4,y4,y4,y4,y4,y4,y4,y4,y4,y4,y4,y4,y4,y4,y4,y4,y4,y4,y4,y4,y4,y4,y4,y4,y4,y4,y4,y4,y4,y4,y4,y4,y4,y4,y4,y4,y4,y4,y4,y4,y4,y4,y4,y4,y4,y4,y4,y4,y4,y4,y4,y4,y4,y4,y4,y4,y4,y4,y4,y4,y4,y4,y4,d1,d1,d1,d1,d1
124,d1,d1,d1,d1,d1,y4,y4,y4,y4,y4,y4,y4,y4,y4,y4,y4,y4,y4,y4,y4,y4,y4,y4,y4,y4,y4,y4,y4,y4,y4,y4,y4,y4,y4,y4,y4,y4,y4,y4,y4,y4,y4,y4,y4,y4,y4,y4,y4,y4,y4,y4,y4,y4,y4,y4,y4,y4,y4,y4,y4,y4,y4,y4,y4,y4,y4,y4,y4,y4,y4,y4,y4,y4,y4,y4,y4,y4,y4,y4,y4,y4,y4,y4,y4,y4,y4,y4,y4,y4,y4,d1,d1,d1,d1,d1
123,d1,d1,d1,d1,d1,y4,y4,y4,y4,y4,y4,y4,y4,y4,y4,y4,y4,y4,y4,y4,y4,y4,y4,y4,y4,y4,y4,y4,y4,y4,y4,y4,y4,y4,y4,y4,y4,y4,y4,y4,y4,y4,y4,y4,y4,y4,y4,y4,y4,y4,y4,y4,y4,y4,y4,y4,y4,y4,y4,y4,y4,y4,y4,y4,y4,y4,y4,y4,y4,y4,y4,y4,y4,y4,y4,y4,y4,y4,y4,y4,y4,y4,y4,y4,y4,y4,y4,y4,y4,y4,d1,d1,d1,d1,d1
122,d1,d1,d1,d1,d1,y4,y4,y4,y4,y4,y4,y4,y4,y4,y4,y4,y4,y4,y4,y4,y4,y4,y4,y4,y4,y4,y4,y4,y4,y4,y4,y4,y4,y4,y4,y4,y4,y4,y4,y4,y4,y4,y4,y4,y4,y4,y4,y4,y4,y4,y4,y4,y4,y4,y4,y4,y4,y4,y4,y4,y4,y4,y4,y4,y4,y4,y4,y4,y4,y4,y4,y4,y4,y4,y4,y4,y4,y4,y4,y4,y4,y4,y4,y4,y4,y4,y4,y4,y4,y4,d1,d1,d1,d1,d1
121,d1,d1,d1,d1,d1,y4,y4,y4,y4,y4,y4,y4,y4,y4,y4,y4,y4,y4,y4,y4,y4,y4,y4,y4,y4,y4,y4,y4,y4,y4,y4,y4,y4,y4,y4,y4,y4,y4,y4,y4,y4,y4,y4,y4,y4,y4,y4,y4,y4,y4,y4,y4,y4,y4,y4,y4,y4,y4,y4,y4,y4,y4,y4,y4,y4,y4,y4,y4,y4,y4,y4,y4,y4,y4,y4,y4,y4,y4,y4,y4,y4,y4,y4,y4,y4,y4,y4,y4,y4,y4,d1,d1,d1,d1,d1
120,d1,d1,d1,d1,d1,y4,y4,y4,y4,y4,y4,y4,y4,y4,y4,y4,y4,y4,y4,y4,y4,y4,y4,y4,y4,y4,y4,y4,y4,y4,y4,y4,y4,y4,y4,y4,y4,y4,y4,y4,y4,y4,y4,y4,y4,y4,y4,y4,y4,y4,y4,y4,y4,y4,y4,y4,y4,y4,y4,y4,y4,y4,y4,y4,y4,y4,y4,y4,y4,y4,y4,y4,y4,y4,y4,y4,y4,y4,y4,y4,y4,y4,y4,y4,y4,y4,y4,y4,y4,y4,d1,d1,d1,d1,d1
119,d1,d1,d1,d1,d1,y4,y4,y4,y4,y4,y4,y4,y4,y4,y4,y4,y4,y4,y4,y4,y4,y4,y4,y4,y4,y4,y4,y4,y4,y4,y4,y4,y4,y4,y4,y4,y4,y4,y4,y4,y4,y4,y4,y4,y4,y4,y4,y4,y4,y4,y4,y4,y4,y4,y4,y4,y4,y4,y4,y4,y4,y4,y4,y4,y4,y4,y4,y4,y4,y4,y4,y4,y4,y4,y4,y4,y4,y4,y4,y4,y4,y4,y4,y4,y4,y4,y4,y4,y4,y4,d1,d1,d1,d1,d1
118,d1,d1,d1,d1,d1,y4,y4,y4,y4,y4,y4,y4,y4,y4,y4,y4,y4,y4,y4,y4,y4,y4,y4,y4,y4,y4,y4,y4,y4,y4,y4,y4,y4,y4,y4,y4,y4,y4,y4,y4,y4,y4,y4,y4,y4,y4,y4,y4,y4,y4,y4,y4,y4,y4,y4,y4,y4,y4,y4,y4,y4,y4,y4,y4,y4,y4,y4,y4,y4,y4,y4,y4,y4,y4,y4,y4,y4,y4,y4,y4,y4,y4,y4,y4,y4,y4,y4,y4,y4,y4,d1,d1,d1,d1,d1
117,d1,d1,d1,d1,d1,y4,y4,y4,y4,y4,y4,y4,y4,y4,y4,y4,y4,y4,y4,y4,y4,y4,y4,y4,y4,y4,y4,y4,y4,y4,y4,y4,y4,y4,y4,y4,y4,y4,y4,y4,y4,y4,y4,y4,y4,y4,y4,y4,y4,y4,y4,y4,y4,y4,y4,y4,y4,y4,y4,y4,y4,y4,y4,y4,y4,y4,y4,y4,y4,y4,y4,y4,y4,y4,y4,y4,y4,y4,y4,y4,y4,y4,y4,y4,y4,y4,y4,y4,y4,y4,d1,d1,d1,d1,d1
116,d1,d1,d1,d1,d1,y4,y4,y4,y4,y4,y4,y4,y4,y4,y4,y4,y4,y4,y4,y4,y4,y4,y4,y4,y4,y4,y4,y4,y4,y4,y4,y4,y4,y4,y4,y4,y4,y4,y4,y4,y4,y4,y4,y4,y4,y4,y4,y4,y4,d1,d1,d1,d1,d1,d1,d1,d1,d1,d1,d1,d1,d1,d1,d1,d1,d1,d1,d1,d1,d1,d1,d1,d1,d1,d1,y3,y3,y3,y3,y3,y3,y3,y3,y3,y3,y3,y3,y3,y3,y3,d1,d1,d1,d1,d1
115,d1,d1,d1,d1,d1,y5,y5,y5,y5,y5,y5,y5,y5,y5,y5,y5,y5,y5,y5,y5,y5,y5,y5,y5,y5,y5,y5,y5,y5,d1,d1,d1,d1,d1,d1,d1,d1,d1,d1,d1,d1,d1,d1,d1,d1,d1,d1,d1,d1,d1,d1,d1,d1,d1,d1,d1,d1,d1,d1,d1,d1,d1,d1,d1,d1,d1,d1,d1,d1,d1,d1,d1,d1,d1,d1,y3,y3,y3,y3,y3,y3,y3,y3,y3,y3,y3,y3,y3,y3,y3,d1,d1,d1,d1,d1
114,d1,d1,d1,d1,d1,y5,y5,y5,y5,y5,y5,y5,y5,y5,y5,y5,y5,y5,y5,y5,y5,y5,y5,y5,y5,y5,y5,y5,y5,d1,d1,d1,d1,d1,d1,d1,d1,d1,d1,d1,d1,d1,d1,d1,d1,d1,d1,d1,d1,d1,d1,d1,d1,d1,d1,d1,d1,d1,d1,d1,d1,d1,d1,d1,d1,d1,d1,d1,d1,d1,d1,d1,d1,d1,d1,y3,y3,y3,y3,y3,y3,y3,y3,y3,y3,y3,y3,y3,y3,y3,d1,d1,d1,d1,d1
113,d1,d1,d1,d1,d1,y5,y5,y5,y5,y5,y5,y5,y5,y5,y5,y5,y5,y5,y5,y5,y5,y5,y5,y5,y5,y5,y5,y5,y5,d1,d1,d1,d1,d1,d1,d1,d1,d1,d1,d1,d1,d1,d1,d1,d1,d1,d1,d1,d1,d1,d1,d1,d1,d1,d1,d1,d1,d1,d1,d1,d1,d1,d1,d1,d1,d1,d1,d1,d1,d1,d1,d1,d1,d1,d1,y3,y3,y3,y3,y3,y3,y3,y3,y3,y3,y3,y3,y3,y3,y3,d1,d1,d1,d1,d1
112,d1,d1,d1,d1,d1,y5,y5,y5,y5,y5,y5,y5,y5,y5,y5,y5,y5,y5,y5,y5,y5,y5,y5,y5,y5,y5,y5,y5,y5,d1,d1,d1,d1,d1,d1,d1,d1,d1,d1,d1,d1,d1,d1,d1,d1,d1,d1,d1,d1,d1,d1,d1,d1,d1,d1,d1,d1,d1,d1,d1,d1,d1,d1,d1,d1,d1,d1,d1,d1,d1,d1,d1,d1,d1,d1,y3,y3,y3,y3,y3,y3,y3,y3,y3,y3,y3,y3,y3,y3,y3,d1,d1,d1,d1,d1
111,d1,d1,d1,d1,d1,y5,y5,y5,y5,y5,y5,y5,y5,y5,y5,y5,y5,y5,y5,y5,y5,y5,y5,y5,y5,y5,y5,y5,y5,d1,d1,d1,d1,d1,d1,d1,d1,d1,d1,d1,d1,d1,d1,d1,d1,d1,d1,d1,d1,d1,d1,d1,d1,d1,d1,d1,d1,d1,d1,d1,d1,d1,d1,d1,d1,d1,d1,d1,d1,d1,d1,d1,d1,d1,d1,y3,y3,y3,y3,y3,y3,y3,y3,y3,y3,y3,y3,y3,y3,y3,d1,d1,d1,d1,d1
110,d1,d1,d1,d1,d1,y5,y5,y5,y5,y5,y5,y5,y5,y5,y5,y5,y5,y5,y5,y5,y5,y5,y5,y5,y5,y5,y5,y5,y5,d1,d1,d1,d1,d1,d1,d1,d1,d1,d1,d1,d1,d1,d1,d1,d1,d1,d1,d1,d1,d1,d1,d1,d1,d1,d1,d1,d1,d1,d1,d1,d1,d1,d1,d1,d1,d1,d1,d1,d1,d1,d1,d1,d1,d1,d1,y3,y3,y3,y3,y3,y3,y3,y3,y3,y3,y3,y3,y3,y3,y3,d1,d1,d1,d1,d1
109,d1,d1,d1,d1,d1,y5,y5,y5,y5,y5,y5,y5,y5,y5,y5,y5,y5,y5,y5,y5,y5,y5,y5,y5,y5,y5,y5,y5,y5,d1,d1,d1,d1,d1,d1,d1,d1,d1,d1,d1,d1,d1,d1,d1,d1,d1,d1,d1,d1,d1,d1,d1,d1,d1,d1,d1,d1,d1,d1,d1,d1,d1,d1,d1,d1,d1,d1,d1,d1,d1,d1,d1,d1,d1,d1,y3,y3,y3,y3,y3,y3,y3,y3,y3,y3,y3,y3,y3,y3,y3,d1,d1,d1,d1,d1
108,d1,d1,d1,d1,d1,y5,y5,y5,y5,y5,y5,y5,y5,y5,y5,y5,y5,y5,y5,y5,y5,y5,y5,y5,y5,y5,y5,y5,y5,d1,d1,d1,d1,d1,d1,d1,d1,d1,d1,d1,d1,d1,d1,d1,d1,d1,d1,d1,d1,d1,d1,d1,d1,d1,d1,d1,d1,d1,d1,d1,d1,d1,d1,d1,d1,d1,d1,d1,d1,d1,d1,d1,d1,d1,d1,y3,y3,y3,y3,y3,y3,y3,y3,y3,y3,y3,y3,y3,y3,y3,d1,d1,d1,d1,d1
107,d1,d1,d1,d1,d1,y5,y5,y5,y5,y5,y5,y5,y5,y5,y5,y5,y5,y5,y5,y5,y5,y5,y5,y5,y5,y5,y5,y5,y5,d1,d1,d1,d1,d1,d1,d1,d1,d1,d1,d1,d1,d1,d1,d1,d1,d1,d1,d1,d1,d1,d1,d1,d1,d1,d1,d1,d1,d1,d1,d1,d1,d1,d1,d1,d1,d1,d1,d1,d1,d1,d1,d1,d1,d1,d1,y3,y3,y3,y3,y3,y3,y3,y3,y3,y3,y3,y3,y3,y3,y3,d1,d1,d1,d1,d1
106,d1,d1,d1,d1,d1,y5,y5,y5,y5,y5,y5,y5,y5,y5,y5,y5,y5,y5,y5,y5,y5,y5,y5,y5,y5,y5,y5,y5,y5,d1,d1,d1,d1,d1,d1,d1,d1,d1,d1,d1,d1,d1,d1,d1,d1,d1,d1,d1,d1,d1,d1,d1,d1,d1,d1,d1,d1,d1,d1,d1,d1,d1,d1,d1,d1,d1,d1,d1,d1,d1,d1,d1,d1,d1,d1,y3,y3,y3,y3,y3,y3,y3,y3,y3,y3,y3,y3,y3,y3,y3,d1,d1,d1,d1,d1
105,d1,d1,d1,d1,d1,y5,y5,y5,y5,y5,y5,y5,y5,y5,y5,y5,y5,y5,y5,y5,y5,y5,y5,y5,y5,y5,y5,y5,y5,d1,d1,d1,d1,d1,d1,d1,d1,d1,d1,d1,d1,d1,d1,d1,d1,d1,d1,d1,d1,d1,d1,d1,d1,d1,d1,d1,d1,d1,d1,d1,d1,d1,d1,d1,d1,d1,d1,d1,d1,d1,d1,d1,d1,d1,d1,y3,y3,y3,y3,y3,y3,y3,y3,y3,y3,y3,y3,y3,y3,y3,d1,d1,d1,d1,d1
104,d1,d1,d1,d1,d1,y5,y5,y5,y5,y5,y5,y5,y5,y5,y5,y5,y5,y5,y5,y5,y5,y5,y5,y5,y5,y5,y5,y5,y5,d1,d1,d1,d1,d1,d1,d1,d1,d1,d1,d1,d1,d1,d1,d1,d1,d1,d1,d1,d1,d1,d1,d1,d1,d1,d1,d1,d1,d1,d1,d1,d1,d1,d1,d1,d1,d1,d1,d1,d1,d1,d1,d1,d1,d1,d1,y3,y3,y3,y3,y3,y3,y3,y3,y3,y3,y3,y3,y3,y3,y3,d1,d1,d1,d1,d1
103,d1,d1,d1,d1,d1,y5,y5,y5,y5,y5,y5,y5,y5,y5,y5,y5,y5,y5,y5,y5,y5,y5,y5,y5,y5,y5,y5,y5,y5,d1,d1,d1,d1,d1,d1,d1,d1,d1,d1,d1,d1,d1,d1,d1,d1,d1,d1,d1,d1,d1,d1,d1,d1,d1,d1,d1,d1,d1,d1,d1,d1,d1,d1,d1,d1,d1,d1,d1,d1,d1,d1,d1,d1,d1,d1,y3,y3,y3,y3,y3,y3,y3,y3,y3,y3,y3,y3,y3,y3,y3,d1,d1,d1,d1,d1
102,d1,d1,d1,d1,d1,y5,y5,y5,y5,y5,y5,y5,y5,y5,y5,y5,y5,y5,y5,y5,y5,y5,y5,y5,y5,y5,y5,y5,y5,d1,d1,d1,d1,d1,d1,d1,d1,d1,d1,d1,d1,d1,d1,d1,d1,d1,d1,d1,d1,d1,d1,d1,d1,d1,d1,d1,d1,d1,d1,d1,d1,d1,d1,d1,d1,d1,d1,d1,d1,d1,d1,d1,d1,d1,d1,y3,y3,y3,y3,y3,y3,y3,y3,y3,y3,y3,y3,y3,y3,y3,d1,d1,d1,d1,d1
101,d1,d1,d1,d1,d1,y5,y5,y5,y5,y5,y5,y5,y5,y5,y5,y5,y5,y5,y5,y5,y5,y5,y5,y5,y5,y5,y5,y5,y5,d1,d1,d1,d1,d1,d1,d1,d1,d1,d1,d1,d1,d1,d1,d1,d1,d1,d1,d1,d1,d1,d1,d1,d1,d1,d1,d1,d1,d1,d1,d1,d1,d1,d1,d1,d1,d1,d1,d1,d1,d1,d1,d1,d1,d1,d1,y3,y3,y3,y3,y3,y3,y3,y3,y3,y3,y3,y3,y3,y3,y3,d1,d1,d1,d1,d1
100,d1,d1,d1,d1,d1,y5,y5,y5,y5,y5,y5,y5,y5,y5,y5,y5,y5,y5,y5,y5,y5,y5,y5,y5,y5,y5,y5,y5,y5,d1,d1,d1,d1,d1,d1,d1,d1,d1,d1,d1,d1,d1,d1,d1,d1,d1,d1,d1,d1,d1,d1,d1,d1,d1,d1,d1,d1,d1,d1,d1,d1,d1,d1,d1,d1,d1,d1,d1,d1,d1,d1,d1,d1,d1,d1,y3,y3,y3,y3,y3,y3,y3,y3,y3,y3,y3,y3,y3,y3,y3,d1,d1,d1,d1,d1
99,d1,d1,d1,d1,d1,y5,y5,y5,y5,y5,y5,y5,y5,y5,y5,y5,y5,y5,y5,y5,y5,y5,y5,y5,y5,y5,y5,y5,y5,d1,d1,d1,d1,d1,d1,d1,d1,d1,d1,d1,d1,d1,d1,d1,d1,d1,d1,d1,d1,d1,d1,d1,d1,d1,d1,d1,d1,d1,d1,d1,d1,d1,d1,d1,d1,d1,d1,d1,d1,d1,d1,d1,d1,d1,d1,y3,y3,y3,y3,y3,y3,y3,y3,y3,y3,y3,y3,y3,y3,y3,d1,d1,d1,d1,d1
98,d1,d1,d1,d1,d1,y5,y5,y5,y5,y5,y5,y5,y5,y5,y5,y5,y5,y5,y5,y5,y5,y5,y5,y5,y5,y5,y5,y5,y5,d1,d1,d1,d1,d1,d1,d1,d1,d1,d1,d1,d1,d1,d1,d1,d1,d1,d1,d1,d1,d1,d1,d1,d1,d1,d1,d1,d1,d1,d1,d1,d1,d1,d1,d1,d1,d1,d1,d1,d1,d1,d1,d1,d1,d1,d1,y3,y3,y3,y3,y3,y3,y3,y3,y3,y3,y3,y3,y3,y3,y3,d1,d1,d1,d1,d1
97,d1,d1,d1,d1,d1,y5,y5,y5,y5,y5,y5,y5,y5,y5,y5,y5,y5,y5,y5,y5,y5,y5,y5,y5,y5,y5,y5,y5,y5,d1,d1,d1,d1,d1,d1,d1,d1,d1,d1,d1,d1,d1,d1,d1,d1,d1,d1,d1,d1,d1,d1,d1,d1,d1,d1,d1,d1,d1,d1,d1,d1,d1,d1,d1,d1,d1,d1,d1,d1,d1,d1,d1,d1,d1,d1,y3,y3,y3,y3,y3,y3,y3,y3,y3,y3,y3,y3,y3,y3,y3,d1,d1,d1,d1,d1
96,d1,d1,d1,d1,d1,y5,y5,y5,y5,y5,y5,y5,y5,y5,y5,y5,y5,y5,y5,y5,y5,y5,y5,y5,y5,y5,y5,y5,y5,d1,d1,d1,d1,d1,d1,d1,d1,d1,d1,d1,d1,d1,d1,d1,d1,d1,d1,d1,d1,d1,d1,d1,d1,d1,d1,d1,d1,d1,d1,d1,d1,d1,d1,d1,d1,d1,d1,d1,d1,d1,d1,d1,d1,d1,d1,y3,y3,y3,y3,y3,y3,y3,y3,y3,y3,y3,y3,y3,y3,y3,d1,d1,d1,d1,d1
95,d1,d1,d1,d1,d1,y5,y5,y5,y5,y5,y5,y5,y5,y5,y5,y5,y5,y5,y5,y5,y5,y5,y5,y5,y5,y5,y5,y5,y5,d1,d1,d1,d1,d1,d1,d1,d1,d1,d1,d1,d1,d1,d1,d1,d1,d1,d1,d1,d1,d1,d1,d1,d1,d1,d1,d1,d1,d1,d1,d1,d1,d1,d1,d1,d1,d1,d1,d1,d1,d1,d1,d1,d1,d1,d1,y3,y3,y3,y3,y3,y3,y3,y3,y3,y3,y3,y3,y3,y3,y3,d1,d1,d1,d1,d1
94,d1,d1,d1,d1,d1,y5,y5,y5,y5,y5,y5,y5,y5,y5,y5,y5,y5,y5,y5,y5,y5,y5,y5,y5,y5,y5,y5,y5,y5,d1,d1,d1,d1,d1,d1,d1,d1,d1,d1,d1,d1,d1,d1,d1,d1,d1,d1,d1,d1,d1,d1,d1,d1,d1,d1,d1,d1,d1,d1,d1,d1,d1,d1,d1,d1,d1,d1,d1,d1,d1,d1,d1,d1,d1,d1,y3,y3,y3,y3,y3,y3,y3,y3,y3,y3,y3,y3,y3,y3,y3,d1,d1,d1,d1,d1
93,d1,d1,d1,d1,d1,y5,y5,y5,y5,y5,y5,y5,y5,y5,y5,y5,y5,y5,y5,y5,y5,y5,y5,y5,y5,y5,y5,y5,y5,d1,d1,d1,d1,d1,d1,d1,d1,d1,d1,d1,d1,d1,d1,d1,d1,d1,d1,d1,d1,d1,d1,d1,d1,d1,d1,d1,d1,d1,d1,d1,d1,d1,d1,d1,d1,d1,d1,d1,d1,d1,d1,d1,d1,d1,d1,y3,y3,y3,y3,y3,y3,y3,y3,y3,y3,y3,y3,y3,y3,y3,d1,d1,d1,d1,d1
92,d1,d1,d1,d1,d1,y5,y5,y5,y5,y5,y5,y5,y5,y5,y5,y5,y5,y5,y5,y5,y5,y5,y5,y5,y5,y5,y5,y5,y5,d1,d1,d1,d1,d1,d1,d1,d1,d1,d1,d1,d1,d1,d1,d1,d1,d1,d1,d1,d1,d1,d1,d1,d1,d1,d1,d1,d1,d1,d1,d1,d1,d1,d1,d1,d1,d1,d1,d1,d1,d1,d1,d1,d1,d1,d1,y3,y3,y3,y3,y3,y3,y3,y3,y3,y3,y3,y3,y3,y3,y3,d1,d1,d1,d1,d1
91,d1,d1,d1,d1,d1,y5,y5,y5,y5,y5,y5,y5,y5,y5,y5,y5,y5,y5,y5,y5,y5,y5,y5,y5,y5,y5,y5,y5,y5,d1,d1,d1,d1,d1,d1,d1,d1,d1,d1,d1,d1,d1,d1,d1,d1,d1,d1,d1,d1,d1,d1,d1,d1,d1,d1,d1,d1,d1,d1,d1,d1,d1,d1,d1,d1,d1,d1,d1,d1,d1,d1,d1,d1,d1,d1,y3,y3,y3,y3,y3,y3,y3,y3,y3,y3,y3,y3,y3,y3,y3,d1,d1,d1,d1,d1
90,d1,d1,d1,d1,d1,y5,y5,y5,y5,y5,y5,y5,y5,y5,y5,y5,y5,y5,y5,y5,y5,y5,y5,y5,y5,y5,y5,y5,y5,d1,d1,d1,d1,d1,d1,d1,d1,d1,d1,d1,d1,d1,d1,d1,d1,d1,d1,d1,d1,d1,d1,d1,d1,d1,d1,d1,d1,d1,d1,d1,d1,d1,d1,d1,d1,d1,d1,d1,d1,d1,d1,d1,d1,d1,d1,y3,y3,y3,y3,y3,y3,y3,y3,y3,y3,y3,y3,y3,y3,y3,d1,d1,d1,d1,d1
89,d1,d1,d1,d1,d1,y5,y5,y5,y5,y5,y5,y5,y5,y5,y5,y5,y5,y5,y5,y5,y5,y5,y5,y5,y5,y5,y5,y5,y5,d1,d1,d1,d1,d1,d1,d1,d1,d1,d1,d1,d1,d1,d1,d1,d1,d1,d1,d1,d1,d1,d1,d1,d1,d1,d1,d1,d1,d1,d1,d1,d1,d1,d1,d1,d1,d1,d1,d1,d1,d1,d1,d1,d1,d1,d1,y3,y3,y3,y3,y3,y3,y3,y3,y3,y3,y3,y3,y3,y3,y3,d1,d1,d1,d1,d1
88,d1,d1,d1,d1,d1,y5,y5,y5,y5,y5,y5,y5,y5,y5,y5,y5,y5,y5,y5,y5,y5,y5,y5,y5,y5,y5,y5,y5,y5,d1,d1,d1,d1,d1,d1,d1,d1,d1,d1,d1,d1,d1,d1,d1,d1,d1,d1,d1,d1,d1,d1,d1,d1,d1,d1,d1,d1,d1,d1,d1,d1,d1,d1,d1,d1,d1,d1,d1,d1,d1,d1,d1,d1,d1,d1,y3,y3,y3,y3,y3,y3,y3,y3,y3,y3,y3,y3,y3,y3,y3,d1,d1,d1,d1,d1
87,d1,d1,d1,d1,d1,y5,y5,y5,y5,y5,y5,y5,y5,y5,y5,y5,y5,y5,y5,y5,y5,y5,y5,y5,y5,y5,y5,y5,y5,d1,d1,d1,d1,d1,d1,d1,d1,d1,d1,d1,d1,d1,d1,d1,d1,d1,d1,d1,d1,d1,d1,d1,d1,d1,d1,d1,d1,d1,d1,d1,d1,d1,d1,d1,d1,d1,d1,d1,d1,d1,d1,d1,d1,d1,d1,y3,y3,y3,y3,y3,y3,y3,y3,y3,y3,y3,y3,y3,y3,y3,d1,d1,d1,d1,d1
86,d1,d1,d1,d1,d1,y5,y5,y5,y5,y5,y5,y5,y5,y5,y5,y5,y5,y5,y5,y5,y5,y5,y5,y5,y5,y5,y5,y5,y5,d1,d1,d1,d1,d1,d1,d1,d1,d1,d1,d1,d1,d1,d1,d1,d1,d1,d1,d1,d1,d1,d1,d1,d1,d1,d1,d1,d1,d1,d1,d1,d1,d1,d1,d1,d1,d1,d1,d1,d1,d1,d1,d1,d1,d1,d1,y3,y3,y3,y3,y3,y3,y3,y3,y3,y3,y3,y3,y3,y3,y3,d1,d1,d1,d1,d1
85,d1,d1,d1,d1,d1,y5,y5,y5,y5,y5,y5,y5,y5,y5,y5,y5,y5,y5,y5,y5,y5,y5,y5,y5,y5,y5,y5,y5,y5,d1,d1,d1,d1,d1,d1,d1,d1,d1,d1,d1,d1,d1,d1,d1,d1,d1,d1,d1,d1,d1,d1,d1,d1,d1,d1,d1,d1,d1,d1,d1,d1,d1,d1,d1,d1,d1,d1,d1,d1,d1,d1,d1,d1,d1,d1,y3,y3,y3,y3,y3,y3,y3,y3,y3,y3,y3,y3,y3,y3,y3,d1,d1,d1,d1,d1
84,d1,d1,d1,d1,d1,y5,y5,y5,y5,y5,y5,y5,y5,y5,y5,y5,y5,y5,y5,y5,y5,y5,y5,y5,y5,d1,d1,d1,d1,d1,d1,d1,d1,d1,d1,d1,d1,d1,d1,d1,d1,d1,d1,d1,d1,d1,d1,d1,d1,d1,d1,d1,d1,d1,d1,d1,d1,d1,d1,d1,d1,d1,d1,d1,d1,d1,d1,d1,d1,d1,d1,d1,d1,d1,d1,y3,y3,y3,y3,y3,y3,y3,y3,y3,y3,y3,y3,y3,y3,y3,d1,d1,d1,d1,d1
83,d1,d1,d1,d1,d1,y5,y5,y5,y5,y5,y5,y5,y5,y5,y5,y5,y5,y5,y5,y5,y5,y5,y5,y5,y5,d1,d1,d1,d1,d1,d1,d1,d1,d1,d1,d1,d1,d1,d1,d1,d1,d1,d1,d1,d1,d1,d1,d1,d1,d1,d1,d1,d1,d1,d1,d1,d1,d1,d1,d1,d1,d1,d1,d1,d1,d1,d1,d1,d1,d1,d1,d1,d1,d1,d1,y3,y3,y3,y3,y3,y3,y3,y3,y3,y3,y3,y3,y3,y3,y3,d1,d1,d1,d1,d1
82,d1,d1,d1,d1,d1,y5,y5,y5,y5,y5,y5,y5,y5,y5,y5,y5,y5,y5,y5,y5,y5,y5,y5,y5,y5,d1,d1,d1,d1,d1,d1,d1,d1,d1,d1,d1,d1,d1,d1,d1,d1,d1,d1,d1,d1,d1,d1,d1,d1,d1,d1,d1,d1,d1,d1,d1,d1,d1,d1,d1,d1,d1,d1,d1,d1,d1,d1,d1,d1,d1,d1,d1,d1,d1,d1,y3,y3,y3,y3,y3,y3,y3,y3,y3,y3,y3,y3,y3,y3,y3,d1,d1,d1,d1,d1
81,d1,d1,d1,d1,d1,y5,y5,y5,y5,y5,y5,y5,y5,y5,y5,y5,y5,y5,y5,y5,y5,y5,y5,y5,y5,d1,d1,d1,d1,d1,d1,d1,d1,d1,d1,d1,d1,d1,d1,d1,d1,d1,d1,d1,d1,d1,d1,d1,d1,d1,d1,d1,d1,d1,d1,d1,d1,d1,d1,d1,d1,d1,d1,d1,d1,d1,d1,d1,d1,d1,d1,d1,d1,d1,d1,y3,y3,y3,y3,y3,y3,y3,y3,y3,y3,y3,y3,y3,y3,y3,d1,d1,d1,d1,d1
80,d1,d1,d1,d1,d1,y5,y5,y5,y5,y5,y5,y5,y5,y5,y5,y5,y5,y5,y5,y5,y5,y5,y5,y5,y5,d1,d1,d1,d1,d1,d1,d1,d1,d1,d1,d1,d1,d1,d1,d1,d1,d1,d1,d1,d1,d1,d1,d1,d1,d1,d1,d1,d1,d1,d1,d1,d1,d1,d1,d1,d1,d1,d1,d1,d1,d1,d1,d1,d1,d1,d1,d1,d1,d1,d1,y3,y3,y3,y3,y3,y3,y3,y3,y3,y3,y3,y3,y3,y3,y3,d1,d1,d1,d1,d1
79,d1,d1,d1,d1,d1,y5,y5,y5,y5,y5,y5,y5,y5,y5,y5,y5,y5,y5,y5,y5,y5,y5,y5,y5,d1,d1,d1,d1,d1,d1,d1,d1,d1,d1,d1,d1,d1,d1,d1,d1,d1,d1,d1,d1,d1,d1,d1,d1,d1,d1,d1,d1,d1,d1,d1,d1,d1,d1,d1,d1,d1,d1,d1,d1,d1,d1,d1,d1,d1,d1,d1,d1,d1,d1,d1,y3,y3,y3,y3,y3,y3,y3,y3,y3,y3,y3,y3,y3,y3,y3,d1,d1,d1,d1,d1
78,d1,d1,d1,d1,d1,y5,y5,y5,y5,y5,y5,y5,y5,y5,y5,y5,y5,y5,y5,y5,y5,y5,y5,y5,d1,d1,d1,d1,d1,d1,d1,d1,d1,d1,d1,d1,d1,d1,d1,d1,d1,d1,d1,d1,d1,d1,d1,d1,d1,d1,d1,d1,d1,d1,d1,d1,d1,d1,d1,d1,d1,d1,d1,d1,d1,d1,d1,d1,d1,d1,d1,d1,d1,d1,d1,y3,y3,y3,y3,y3,y3,y3,y3,y3,y3,y3,y3,y3,y3,y3,d1,d1,d1,d1,d1
77,d1,d1,d1,d1,d1,y5,y5,y5,y5,y5,y5,y5,y5,y5,y5,y5,y5,y5,y5,y5,y5,y5,y5,y5,d1,d1,d1,d1,d1,d1,d1,d1,d1,d1,d1,d1,d1,d1,d1,d1,d1,d1,d1,d1,d1,d1,d1,d1,d1,d1,d1,d1,d1,d1,d1,d1,d1,d1,d1,d1,d1,d1,d1,d1,d1,d1,d1,d1,d1,d1,d1,d1,d1,d1,d1,y3,y3,y3,y3,y3,y3,y3,y3,y3,y3,y3,y3,y3,y3,y3,d1,d1,d1,d1,d1
76,d1,d1,d1,d1,d1,y5,y5,y5,y5,y5,y5,y5,y5,y5,y5,y5,y5,y5,y5,y5,y5,y5,y5,y5,d1,d1,d1,d1,d1,d1,d1,d1,d1,d1,d1,d1,d1,d1,d1,d1,d1,d1,d1,d1,d1,d1,d1,d1,d1,d1,d1,d1,d1,d1,d1,d1,d1,d1,d1,d1,d1,d1,d1,d1,d1,d1,d1,d1,d1,d1,d1,d1,d1,d1,d1,y3,y3,y3,y3,y3,y3,y3,y3,y3,y3,y3,y3,y3,y3,y3,d1,d1,d1,d1,d1
75,d1,d1,d1,d1,d1,y5,y5,y5,y5,y5,y5,y5,y5,y5,y5,y5,y5,y5,y5,y5,y5,y5,y5,y5,d1,d1,d1,d1,d1,d1,d1,d1,d1,d1,d1,d1,d1,d1,d1,d1,d1,d1,d1,d1,d1,d1,d1,d1,d1,d1,d1,d1,d1,d1,d1,d1,d1,d1,d1,d1,d1,d1,d1,d1,d1,d1,d1,d1,d1,d1,d1,d1,d1,d1,d1,y3,y3,y3,y3,y3,y3,y3,y3,y3,y3,y3,y3,y3,y3,y3,d1,d1,d1,d1,d1
74,d1,d1,d1,d1,d1,y5,y5,y5,y5,y5,y5,y5,y5,y5,y5,y5,y5,y5,y5,y5,y5,y5,y5,y5,d1,d1,d1,d1,d1,d1,d1,d1,d1,d1,d1,d1,d1,d1,d1,d1,d1,d1,d1,d1,d1,d1,d1,d1,d1,d1,d1,d1,d1,d1,d1,d1,d1,d1,d1,d1,d1,d1,d1,d1,d1,d1,d1,d1,d1,d1,d1,d1,d1,d1,d1,y3,y3,y3,y3,y3,y3,y3,y3,y3,y3,y3,y3,y3,y3,y3,d1,d1,d1,d1,d1
73,d1,d1,d1,d1,d1,y5,y5,y5,y5,y5,y5,y5,y5,y5,y5,y5,y5,y5,y5,y5,y5,y5,y5,y5,d1,d1,d1,d1,d1,d1,d1,d1,d1,d1,d1,d1,d1,d1,d1,d1,d1,d1,d1,d1,d1,d1,d1,d1,d1,d1,d1,d1,d1,d1,d1,d1,d1,d1,d1,d1,d1,d1,d1,d1,d1,d1,d1,d1,d1,d1,d1,d1,d1,d1,d1,y3,y3,y3,y3,y3,y3,y3,y3,y3,y3,y3,y3,y3,y3,y3,d1,d1,d1,d1,d1
72,d1,d1,d1,d1,d1,y5,y5,y5,y5,y5,y5,y5,y5,y5,y5,y5,y5,y5,y5,y5,d1,d1,d1,d1,d1,d1,d1,d1,d1,d1,d1,d1,d1,d1,d1,d1,d1,d1,d1,d1,d1,d1,d1,d1,d1,d1,d1,d1,d1,d1,d1,d1,d1,d1,d1,d1,d1,d1,d1,d1,d1,d1,d1,d1,d1,d1,d1,d1,d1,d1,d1,d1,d1,d1,d1,y3,y3,y3,y3,y3,y3,y3,y3,y3,y3,y3,y3,y3,y3,y3,d1,d1,d1,d1,d1
71,d1,d1,d1,d1,d1,y5,y5,y5,y5,y5,y5,y5,y5,y5,y5,y5,y5,y5,y5,y5,d1,d1,d1,d1,d1,d1,d1,d1,d1,d1,d1,d1,d1,d1,d1,d1,d1,d1,d1,d1,d1,d1,d1,d1,d1,d1,d1,d1,d1,d1,d1,d1,d1,d1,d1,d1,d1,d1,d1,d1,d1,d1,d1,d1,d1,d1,d1,d1,d1,d1,d1,d1,d1,d1,d1,y3,y3,y3,y3,y3,y3,y3,y3,y3,y3,y3,y3,y3,y3,y3,d1,d1,d1,d1,d1
70,d1,d1,d1,d1,d1,y5,y5,y5,y5,y5,y5,y5,y5,y5,y5,y5,y5,y5,y5,y5,d1,d1,d1,d1,d1,d1,d1,d1,d1,d1,d1,d1,d1,d1,d1,d1,d1,d1,d1,d1,d1,d1,d1,d1,d1,d1,d1,d1,d1,d1,d1,d1,d1,d1,d1,d1,d1,d1,d1,d1,d1,d1,d1,d1,d1,d1,d1,d1,d1,d1,d1,d1,d1,d1,d1,y3,y3,y3,y3,y3,y3,y3,y3,y3,y3,y3,y3,y3,y3,y3,d1,d1,d1,d1,d1
69,d1,d1,d1,d1,d1,y5,y5,y5,y5,y5,y5,y5,y5,y5,y5,y5,y5,y5,y5,y5,d1,d1,d1,d1,d1,d1,d1,d1,d1,d1,d1,d1,d1,d1,d1,d1,d1,d1,d1,d1,d1,d1,d1,d1,d1,d1,d1,d1,d1,d1,d1,d1,d1,d1,d1,d1,d1,d1,d1,d1,d1,d1,d1,d1,d1,d1,d1,d1,d1,d1,d1,d1,d1,d1,d1,y3,y3,y3,y3,y3,y3,y3,y3,y3,y3,y3,y3,y3,y3,y3,d1,d1,d1,d1,d1
68,d1,d1,d1,d1,d1,y5,y5,y5,y5,y5,y5,y5,y5,y5,y5,y5,y5,y5,y5,y5,d1,d1,d1,d1,d1,d1,d1,d1,d1,d1,d1,d1,d1,d1,d1,d1,d1,d1,d1,d1,d1,d1,d1,d1,d1,d1,d1,d1,d1,d1,d1,d1,d1,d1,d1,d1,d1,d1,d1,d1,d1,d1,d1,d1,d1,d1,d1,d1,d1,d1,d1,d1,d1,d1,d1,y3,y3,y3,y3,y3,y3,y3,y3,y3,y3,y3,y3,y3,y3,y3,d1,d1,d1,d1,d1
67,d1,d1,d1,d1,d1,y5,y5,y5,y5,y5,y5,y5,y5,y5,y5,y5,y5,y5,y5,y5,d1,d1,d1,d1,d1,d1,d1,d1,d1,d1,d1,d1,d1,d1,d1,d1,d1,d1,d1,d1,d1,d1,d1,d1,d1,d1,d1,d1,d1,d1,d1,d1,d1,d1,d1,d1,d1,d1,d1,d1,d1,d1,d1,d1,d1,d1,d1,d1,d1,d1,d1,d1,d1,d1,d1,y3,y3,y3,y3,y3,y3,y3,y3,y3,y3,y3,y3,y3,y3,y3,d1,d1,d1,d1,d1
66,d1,d1,d1,d1,d1,y5,y5,y5,y5,y5,y5,y5,y5,y5,y5,y5,y5,y5,y5,y5,d1,d1,d1,d1,d1,d1,d1,d1,d1,d1,d1,d1,d1,d1,d1,d1,d1,d1,d1,d1,d1,d1,d1,d1,d1,d1,d1,d1,d1,d1,d1,d1,d1,d1,d1,d1,d1,d1,d1,d1,d1,d1,d1,d1,d1,d1,d1,d1,d1,d1,d1,d1,d1,d1,d1,y3,y3,y3,y3,y3,y3,y3,y3,y3,y3,y3,y3,y3,y3,y3,d1,d1,d1,d1,d1
65,d1,d1,d1,d1,d1,y5,y5,y5,y5,y5,y5,y5,y5,y5,y5,y5,y5,y5,y5,y5,d1,d1,d1,d1,d1,d1,d1,d1,d1,d1,d1,d1,d1,d1,d1,d1,d1,d1,d1,d1,d1,d1,d1,d1,d1,d1,d1,d1,d1,d1,d1,d1,d1,d1,d1,d1,d1,d1,d1,d1,d1,d1,d1,d1,d1,d1,d1,d1,d1,d1,d1,d1,d1,d1,d1,y3,y3,y3,y3,y3,y3,y3,y3,y3,y3,y3,y3,y3,y3,y3,d1,d1,d1,d1,d1
64,d1,d1,d1,d1,d1,y5,y5,y5,y5,y5,y5,y5,y5,y5,y5,y5,y5,y5,y5,y5,d1,d1,d1,d1,d1,d1,d1,d1,d1,d1,d1,d1,d1,d1,d1,d1,d1,d1,d1,d1,d1,d1,d1,d1,d1,d1,d1,d1,d1,d1,d1,d1,d1,d1,d1,d1,d1,d1,d1,d1,d1,d1,d1,d1,d1,d1,d1,d1,d1,d1,d1,d1,d1,d1,d1,y3,y3,y3,y3,y3,y3,y3,y3,y3,y3,y3,y3,y3,y3,y3,d1,d1,d1,d1,d1
63,d1,d1,d1,d1,d1,y5,y5,y5,y5,y5,y5,y5,y5,y5,y5,y5,y5,y5,y5,y5,d1,d1,d1,d1,d1,d1,d1,d1,d1,d1,d1,d1,d1,d1,d1,d1,d1,d1,d1,d1,d1,d1,d1,d1,d1,d1,d1,d1,d1,d1,d1,d1,d1,d1,d1,d1,d1,d1,d1,d1,d1,d1,d1,d1,d1,d1,d1,d1,d1,d1,d1,d1,d1,d1,d1,y3,y3,y3,y3,y3,y3,y3,y3,y3,y3,y3,y3,y3,y3,y3,d1,d1,d1,d1,d1
62,d1,d1,d1,d1,d1,y5,y5,y5,y5,y5,y5,y5,y5,y5,y5,y5,y5,y5,y5,y5,d1,d1,d1,d1,d1,d1,d1,d1,d1,d1,d1,d1,d1,d1,d1,d1,d1,d1,d1,d1,d1,d1,d1,d1,d1,d1,d1,d1,d1,d1,d1,d1,d1,d1,d1,d1,d1,d1,d1,d1,d1,d1,d1,d1,d1,d1,d1,d1,d1,d1,d1,d1,d1,d1,d1,y3,y3,y3,y3,y3,y3,y3,y3,y3,y3,y3,y3,y3,y3,y3,d1,d1,d1,d1,d1
61,d1,d1,d1,d1,d1,y5,y5,y5,y5,y5,y5,y5,y5,y5,y5,y5,y5,y5,y5,y5,d1,d1,d1,d1,d1,d1,d1,d1,d1,d1,d1,d1,d1,d1,d1,d1,d1,d1,d1,d1,d1,d1,d1,d1,d1,d1,d1,d1,d1,d1,d1,d1,d1,d1,d1,d1,d1,d1,d1,d1,d1,d1,d1,d1,d1,d1,d1,d1,d1,d1,d1,d1,d1,d1,d1,y3,y3,y3,y3,y3,y3,y3,y3,y3,y3,y3,y3,y3,y3,y3,d1,d1,d1,d1,d1
60,d1,d1,d1,d1,d1,y5,y5,y5,y5,y5,y5,y5,y5,y5,y5,y5,y5,y5,y5,y5,d1,d1,d1,d1,d1,d1,d1,d1,d1,d1,d1,d1,d1,d1,d1,d1,d1,d1,d1,d1,d1,d1,d1,d1,d1,d1,d1,d1,d1,d1,d1,d1,d1,d1,d1,d1,d1,d1,d1,d1,d1,d1,d1,d1,d1,d1,d1,d1,d1,d1,d1,d1,d1,d1,d1,y3,y3,y3,y3,y3,y3,y3,y3,y3,y3,y3,y3,y3,y3,y3,d1,d1,d1,d1,d1
59,d1,d1,d1,d1,d1,y5,y5,y5,y5,y5,y5,y5,y5,y5,y5,y5,y5,y5,y5,y5,d1,d1,d1,d1,d1,d1,d1,d1,d1,d1,d1,d1,d1,d1,d1,d1,d1,d1,d1,d1,d1,d1,d1,d1,d1,d1,d1,d1,d1,d1,d1,d1,d1,d1,d1,d1,d1,d1,d1,d1,d1,d1,d1,d1,d1,d1,d1,d1,d1,d1,d1,d1,d1,d1,d1,y3,y3,y3,y3,y3,y3,y3,y3,y3,y3,y3,y3,y3,y3,y3,d1,d1,d1,d1,d1
58,d1,d1,d1,d1,d1,y5,y5,y5,y5,y5,y5,y5,y5,y5,y5,y5,y5,y5,y5,y5,d1,d1,d1,d1,d1,d1,d1,d1,d1,d1,d1,d1,d1,d1,d1,d1,d1,d1,d1,d1,d1,d1,d1,d1,d1,d1,d1,d1,d1,d1,d1,d1,d1,d1,d1,d1,d1,d1,d1,d1,d1,d1,d1,d1,d1,d1,d1,d1,d1,d1,d1,d1,d1,d1,d1,y3,y3,y3,y3,y3,y3,y3,y3,y3,y3,y3,y3,y3,y3,y3,d1,d1,d1,d1,d1
57,d1,d1,d1,d1,d1,y5,y5,y5,y5,y5,y5,y5,y5,y5,y5,y5,y5,y5,y5,y5,d1,d1,d1,d1,d1,d1,d1,d1,d1,d1,d1,d1,d1,d1,d1,d1,d1,d1,d1,d1,d1,d1,d1,d1,d1,d1,d1,d1,d1,d1,d1,d1,d1,d1,d1,d1,d1,d1,d1,d1,d1,d1,d1,d1,d1,d1,d1,d1,d1,d1,d1,d1,d1,d1,d1,y3,y3,y3,y3,y3,y3,y3,y3,y3,y3,y3,y3,y3,y3,y3,d1,d1,d1,d1,d1
56,d1,d1,d1,d1,d1,y5,y5,y5,y5,y5,y5,y5,y5,y5,y5,y5,y5,y5,y5,y5,d1,d1,d1,d1,d1,d1,d1,d1,d1,d1,d1,d1,d1,d1,d1,d1,d1,d1,d1,d1,d1,d1,d1,d1,d1,d1,d1,d1,d1,d1,d1,d1,d1,d1,d1,d1,d1,d1,d1,d1,d1,d1,d1,d1,d1,d1,d1,d1,d1,d1,d1,d1,d1,d1,d1,y3,y3,y3,y3,y3,y3,y3,y3,y3,y3,y3,y3,y3,y3,y3,d1,d1,d1,d1,d1
55,d1,d1,d1,d1,d1,y5,y5,y5,y5,y5,y5,y5,y5,y5,y5,y5,y5,y5,y5,y5,d1,d1,d1,d1,d1,d1,d1,d1,d1,d1,d1,d1,d1,d1,d1,d1,d1,d1,d1,d1,d1,d1,d1,d1,d1,d1,d1,d1,d1,d1,d1,d1,d1,d1,d1,d1,d1,d1,d1,d1,d1,d1,d1,d1,d1,d1,d1,d1,d1,d1,d1,d1,d1,d1,d1,y3,y3,y3,y3,y3,y3,y3,y3,y3,y3,y3,y3,y3,y3,y3,d1,d1,d1,d1,d1
54,d1,d1,d1,d1,d1,y5,y5,y5,y5,y5,y5,y5,y5,y5,y5,y5,y5,y5,y5,y5,d1,d1,d1,d1,d1,d1,d1,d1,d1,d1,d1,d1,d1,d1,d1,d1,d1,d1,d1,d1,d1,d1,d1,d1,d1,d1,d1,d1,d1,d1,d1,d1,d1,d1,d1,d1,d1,d1,d1,d1,d1,d1,d1,d1,d1,d1,d1,d1,d1,d1,d1,d1,d1,d1,d1,y3,y3,y3,y3,y3,y3,y3,y3,y3,y3,y3,y3,y3,y3,y3,d1,d1,d1,d1,d1
53,d1,d1,d1,d1,d1,y5,y5,y5,y5,y5,y5,y5,y5,y5,y5,y5,y5,y5,y5,y5,d1,d1,d1,d1,d1,d1,d1,d1,d1,d1,d1,d1,d1,d1,d1,d1,d1,d1,d1,d1,d1,d1,d1,d1,d1,d1,d1,d1,d1,d1,d1,d1,d1,d1,d1,d1,d1,d1,d1,d1,d1,d1,d1,d1,d1,d1,d1,d1,d1,d1,d1,d1,d1,d1,d1,y3,y3,y3,y3,y3,y3,y3,y3,y3,y3,y3,y3,y3,y3,y3,d1,d1,d1,d1,d1
52,d1,d1,d1,d1,d1,y5,y5,y5,y5,y5,y5,y5,y5,y5,y5,y5,y5,y5,y5,y5,d1,d1,d1,d1,d1,d1,d1,d1,d1,d1,d1,d1,d1,d1,d1,d1,d1,d1,d1,d1,d1,d1,d1,d1,d1,d1,d1,d1,d1,d1,d1,d1,d1,d1,d1,d1,d1,d1,d1,d1,d1,d1,d1,d1,d1,d1,d1,d1,d1,d1,d1,d1,d1,d1,d1,y3,y3,y3,y3,y3,y3,y3,y3,y3,y3,y3,y3,y3,y3,y3,d1,d1,d1,d1,d1
51,d1,d1,d1,d1,d1,y5,y5,y5,y5,y5,y5,y5,y5,y5,y5,y5,y5,y5,y5,y5,d1,d1,d1,d1,d1,d1,d1,d1,d1,d1,d1,d1,d1,d1,d1,d1,d1,d1,d1,d1,d1,d1,d1,d1,d1,d1,d1,d1,d1,d1,d1,d1,d1,d1,d1,d1,d1,d1,d1,d1,d1,d1,d1,d1,d1,d1,d1,d1,d1,d1,d1,d1,d1,d1,d1,y3,y3,y3,y3,y3,y3,y3,y3,y3,y3,y3,y3,y3,y3,y3,d1,d1,d1,d1,d1
50,d1,d1,d1,d1,d1,y5,y5,y5,y5,y5,y5,y5,y5,y5,y5,y5,y5,y5,y5,y5,d1,d1,d1,d1,d1,d1,d1,d1,d1,d1,d1,d1,d1,d1,d1,d1,d1,d1,d1,d1,d1,d1,d1,d1,d1,d1,d1,d1,d1,d1,d1,d1,d1,d1,d1,d1,d1,d1,d1,d1,d1,d1,d1,d1,d1,d1,d1,d1,d1,d1,d1,d1,d1,d1,y2,y2,y2,y2,y2,y2,y2,y2,y2,y2,y2,y2,y2,y2,y2,y2,d1,d1,d1,d1,d1
49,d1,d1,d1,d1,d1,y5,y5,y5,y5,y5,y5,y5,y5,y5,y5,y5,y5,y5,y5,y5,d1,d1,d1,d1,d1,d1,d1,d1,d1,d1,d1,d1,d1,d1,d1,d1,d1,d1,d1,d1,d1,d1,d1,d1,d1,d1,d1,d1,d1,d1,d1,d1,d1,d1,d1,d1,d1,d1,d1,d1,d1,d1,d1,d1,d1,d1,d1,d1,d1,d1,d1,d1,d1,y2,y2,y2,y2,y2,y2,y2,y2,y2,y2,y2,y2,y2,y2,y2,y2,y2,d1,d1,d1,d1,d1
48,d1,d1,d1,d1,d1,y5,y5,y5,y5,y5,y5,y5,y5,y5,y5,y5,y5,y5,y5,y5,d1,d1,d1,d1,d1,d1,d1,d1,d1,d1,d1,d1,d1,d1,d1,d1,d1,d1,d1,d1,d1,d1,d1,d1,d1,d1,d1,d1,d1,d1,d1,d1,d1,d1,d1,d1,d1,d1,d1,d1,d1,d1,d1,d1,d1,d1,d1,d1,d1,d1,d1,d1,d1,y2,y2,y2,y2,y2,y2,y2,y2,y2,y2,y2,y2,y2,y2,y2,y2,y2,d1,d1,d1,d1,d1
47,d1,d1,d1,d1,d1,y5,y5,y5,y5,y5,y5,y5,y5,y5,y5,y5,y5,y5,y5,y5,d1,d1,d1,d1,d1,d1,d1,d1,d1,d1,d1,d1,d1,d1,d1,d1,d1,d1,d1,d1,d1,d1,d1,d1,d1,d1,d1,d1,d1,d1,d1,d1,d1,d1,d1,d1,d1,d1,d1,d1,d1,d1,d1,d1,d1,d1,d1,d1,d1,d1,d1,d1,d1,y2,y2,y2,y2,y2,y2,y2,y2,y2,y2,y2,y2,y2,y2,y2,y2,y2,d1,d1,d1,d1,d1
46,d1,d1,d1,d1,d1,y6,y6,y6,y6,y6,y6,y6,y6,y6,y6,y6,y6,y6,y6,y6,y6,d1,d1,d1,d1,d1,d1,d1,d1,d1,d1,d1,d1,d1,d1,d1,d1,d1,d1,d1,d1,d1,d1,d1,d1,d1,d1,d1,d1,d1,d1,d1,d1,d1,d1,d1,d1,d1,d1,d1,d1,d1,d1,d1,d1,d1,d1,d1,d1,d1,d1,d1,y2,y2,y2,y2,y2,y2,y2,y2,y2,y2,y2,y2,y2,y2,y2,y2,y2,y2,d1,d1,d1,d1,d1
45,d1,d1,d1,d1,d1,y6,y6,y6,y6,y6,y6,y6,y6,y6,y6,y6,y6,y6,y6,y6,y6,d1,d1,d1,d1,d1,d1,d1,d1,d1,d1,d1,d1,d1,d1,d1,d1,d1,d1,d1,d1,d1,d1,d1,d1,d1,d1,d1,d1,d1,d1,d1,d1,d1,d1,d1,d1,d1,d1,d1,d1,d1,d1,d1,d1,d1,d1,d1,d1,d1,y2,y2,y2,y2,y2,y2,y2,y2,y2,y2,y2,y2,y2,y2,y2,y2,y2,y2,y2,y2,d1,d1,d1,d1,d1
44,d1,d1,d1,d1,d1,y6,y6,y6,y6,y6,y6,y6,y6,y6,y6,y6,y6,y6,y6,y6,y6,d1,d1,d1,d1,d1,d1,d1,d1,d1,d1,d1,d1,d1,d1,d1,d1,d1,d1,d1,d1,d1,d1,d1,d1,d1,d1,d1,d1,d1,d1,d1,d1,d1,d1,d1,d1,d1,d1,d1,d1,d1,d1,d1,d1,d1,y2,y2,y2,y2,y2,y2,y2,y2,y2,y2,y2,y2,y2,y2,y2,y2,y2,y2,y2,y2,y2,y2,y2,y2,d1,d1,d1,d1,d1
43,d1,d1,d1,d1,d1,y6,y6,y6,y6,y6,y6,y6,y6,y6,y6,y6,y6,y6,y6,y6,y6,d1,d1,d1,d1,d1,d1,d1,d1,d1,d1,d1,d1,d1,d1,d1,d1,d1,d1,d1,d1,d1,d1,d1,d1,d1,d1,d1,d1,d1,d1,d1,d1,d1,d1,d1,d1,d1,d1,d1,d1,d1,y2,y2,y2,y2,y2,y2,y2,y2,y2,y2,y2,y2,y2,y2,y2,y2,y2,y2,y2,y2,y2,y2,y2,y2,y2,y2,y2,y2,d1,d1,d1,d1,d1
42,d1,d1,d1,d1,d1,y6,y6,y6,y6,y6,y6,y6,y6,y6,y6,y6,y6,y6,y6,y6,y6,d1,d1,d1,d1,d1,d1,d1,d1,d1,d1,d1,d1,d1,d1,d1,d1,d1,d1,d1,d1,d1,d1,d1,d1,d1,d1,d1,d1,d1,d1,d1,d1,d1,d1,d1,d1,d1,y2,y2,y2,y2,y2,y2,y2,y2,y2,y2,y2,y2,y2,y2,y2,y2,y2,y2,y2,y2,y2,y2,y2,y2,y2,y2,y2,y2,y2,y2,y2,y2,d1,d1,d1,d1,d1
41,d1,d1,d1,d1,d1,y6,y6,y6,y6,y6,y6,y6,y6,y6,y6,y6,y6,y6,y6,y6,y6,d1,d1,d1,d1,d1,d1,d1,d1,d1,d1,d1,d1,d1,d1,d1,d1,d1,d1,d1,d1,d1,d1,d1,d1,d1,d1,d1,d1,d1,d1,d1,y2,y2,y2,y2,y2,y2,y2,y2,y2,y2,y2,y2,y2,y2,y2,y2,y2,y2,y2,y2,y2,y2,y2,y2,y2,y2,y2,y2,y2,y2,y2,y2,y2,y2,y2,y2,y2,y2,d1,d1,d1,d1,d1
40,d1,d1,d1,d1,d1,y6,y6,y6,y6,y6,y6,y6,y6,y6,y6,y6,y6,y6,y6,y6,y6,d1,d1,d1,d1,d1,d1,d1,d1,d1,d1,d1,d1,d1,d1,d1,d1,d1,d1,d1,d1,d1,d1,d1,d1,d1,d1,d1,d1,d1,d1,d1,y2,y2,y2,y2,y2,y2,y2,y2,y2,y2,y2,y2,y2,y2,y2,y2,y2,y2,y2,y2,y2,y2,y2,y2,y2,y2,y2,y2,y2,y2,y2,y2,y2,y2,y2,y2,y2,y2,d1,d1,d1,d1,d1
39,d1,d1,d1,d1,d1,y6,y6,y6,y6,y6,y6,y6,y6,y6,y6,y6,y6,y6,y6,y6,y6,y6,d1,d1,d1,d1,d1,d1,d1,d1,d1,d1,d1,d1,d1,d1,d1,d1,d1,d1,d1,d1,d1,d1,d1,d1,d1,d1,d1,d1,d1,d1,y2,y2,y2,y2,y2,y2,y2,y2,y2,y2,y2,y2,y2,y2,y2,y2,y2,y2,y2,y2,y2,y2,y2,y2,y2,y2,y2,y2,y2,y2,y2,y2,y2,y2,y2,y2,y2,y2,d1,d1,d1,d1,d1
38,d1,d1,d1,d1,d1,y6,y6,y6,y6,y6,y6,y6,y6,y6,y6,y6,y6,y6,y6,y6,y6,y6,d1,d1,d1,d1,d1,d1,d1,d1,d1,d1,d1,d1,d1,d1,d1,d1,d1,d1,d1,d1,d1,d1,d1,d1,d1,d1,d1,d1,d1,d1,y2,y2,y2,y2,y2,y2,y2,y2,y2,y2,y2,y2,y2,y2,y2,y2,y2,y2,y2,y2,y2,y2,y2,y2,y2,y2,y2,y2,y2,y2,y2,y2,y2,y2,y2,y2,y2,y2,d1,d1,d1,d1,d1
37,d1,d1,d1,d1,d1,y6,y6,y6,y6,y6,y6,y6,y6,y6,y6,y6,y6,y6,y6,y6,y6,y6,d1,d1,d1,d1,d1,d1,d1,d1,d1,d1,d1,d1,d1,d1,d1,d1,d1,d1,d1,d1,d1,d1,d1,d1,d1,d1,d1,d1,d1,d1,y2,y2,y2,y2,y2,y2,y2,y2,y2,y2,y2,y2,y2,y2,y2,y2,y2,y2,y2,y2,y2,y2,y2,y2,y2,y2,y2,y2,y2,y2,y2,y2,y2,y2,y2,y2,y2,y2,d1,d1,d1,d1,d1
36,d1,d1,d1,d1,d1,y6,y6,y6,y6,y6,y6,y6,y6,y6,y6,y6,y6,y6,y6,y6,y6,y6,d1,d1,d1,d1,d1,d1,d1,d1,d1,d1,d1,d1,d1,d1,d1,d1,d1,d1,d1,d1,d1,d1,d1,d1,d1,d1,d1,d1,d1,d1,y2,y2,y2,y2,y2,y2,y2,y2,y2,y2,y2,y2,y2,y2,y2,y2,y2,y2,y2,y2,y2,y2,y2,y2,y2,y2,y2,y2,y2,y2,y2,y2,y2,y2,y2,y2,y2,y2,d1,d1,d1,d1,d1
35,d1,d1,d1,d1,d1,y6,y6,y6,y6,y6,y6,y6,y6,y6,y6,y6,y6,y6,y6,y6,y6,y6,d1,d1,d1,d1,d1,d1,d1,d1,d1,d1,d1,d1,d1,d1,d1,d1,d1,d1,d1,d1,d1,d1,d1,d1,d1,d1,d1,d1,d1,d1,y2,y2,y2,y2,y2,y2,y2,y2,y2,y2,y2,y2,y2,y2,y2,y2,y2,y2,y2,y2,y2,y2,y2,y2,y2,y2,y2,y2,y2,y2,y2,y2,y2,y2,y2,y2,y2,y2,d1,d1,d1,d1,d1
34,d1,d1,d1,d1,d1,y6,y6,y6,y6,y6,y6,y6,y6,y6,y6,y6,y6,y6,y6,y6,y6,y6,d1,d1,d1,d1,d1,d1,d1,d1,d1,d1,d1,d1,d1,d1,d1,d1,d1,d1,d1,d1,d1,d1,d1,d1,d1,d1,d1,d1,d1,d1,y2,y2,y2,y2,y2,y2,y2,y2,y2,y2,y2,y2,y2,y2,y2,y2,y2,y2,y2,y2,y2,y2,y2,y2,y2,y2,y2,y2,y2,y2,y2,y2,y2,y2,y2,y2,y2,y2,d1,d1,d1,d1,d1
33,d1,d1,d1,d1,d1,y6,y6,y6,y6,y6,y6,y6,y6,y6,y6,y6,y6,y6,y6,y6,y6,y6,d1,d1,d1,d1,d1,d1,d1,d1,d1,d1,d1,d1,d1,d1,d1,d1,d1,d1,d1,d1,d1,d1,d1,d1,d1,d1,d1,d1,d1,d1,y2,y2,y2,y2,y2,y2,y2,y2,y2,y2,y2,y2,y2,y2,y2,y2,y2,y2,y2,y2,y2,y2,y2,y2,y2,y2,y2,y2,y2,y2,y2,y2,y2,y2,y2,y2,y2,y2,d1,d1,d1,d1,d1
32,d1,d1,d1,d1,d1,y6,y6,y6,y6,y6,y6,y6,y6,y6,y6,y6,y6,y6,y6,y6,y6,y6,d1,d1,d1,d1,d1,d1,d1,d1,d1,d1,d1,d1,d1,d1,d1,d1,d1,d1,d1,d1,d1,d1,d1,d1,d1,d1,d1,d1,d1,d1,y2,y2,y2,y2,y2,y2,y2,y2,y2,y2,y2,y2,y2,y2,y2,y2,y2,y2,y2,y2,y2,y2,y2,y2,y2,y2,y2,y2,y2,y2,y2,y2,y2,y2,y2,y2,y2,y2,d1,d1,d1,d1,d1
31,d1,d1,d1,d1,d1,y6,y6,y6,y6,y6,y6,y6,y6,y6,y6,y6,y6,y6,y6,y6,y6,y6,y6,d1,d1,d1,d1,d1,d1,d1,d1,d1,d1,d1,d1,d1,d1,d1,d1,d1,d1,d1,d1,d1,d1,d1,d1,d1,d1,d1,d1,d1,y2,y2,y2,y2,y2,y2,y2,y2,y2,y2,y2,y2,y2,y2,y2,y2,y2,y2,y2,y2,y2,y2,y2,y2,y2,y2,y2,y2,y2,y2,y2,y2,y2,y2,y2,y2,y2,y2,d1,d1,d1,d1,d1
30,d1,d1,d1,d1,d1,y6,y6,y6,y6,y6,y6,y6,y6,y6,y6,y6,y6,y6,y6,y6,y6,y6,y6,d1,d1,d1,d1,d1,d1,d1,d1,d1,d1,d1,d1,d1,d1,d1,d1,d1,d1,d1,d1,d1,d1,d1,d1,d1,d1,d1,d1,d1,y2,y2,y2,y2,y2,y2,y2,y2,y2,y2,y2,y2,y2,y2,y2,y2,y2,y2,y2,y2,y2,y2,y2,y2,y2,y2,y2,y2,y2,y2,y2,y2,y2,y2,y2,y2,y2,y2,d1,d1,d1,d1,d1
29,d1,d1,d1,d1,d1,y6,y6,y6,y6,y6,y6,y6,y6,y6,y6,y6,y6,y6,y6,y6,y6,y6,y6,d1,d1,d1,d1,d1,d1,d1,d1,d1,d1,d1,d1,d1,d1,d1,d1,d1,d1,d1,d1,d1,d1,d1,d1,d1,d1,d1,d1,d1,y2,y2,y2,y2,y2,y2,y2,y2,y2,y2,y2,y2,y2,y2,y2,y2,y2,y2,y2,y2,y2,y2,y2,y2,y2,y2,y2,y2,y2,y2,y2,y2,y2,y2,y2,y2,y2,y2,d1,d1,d1,d1,d1
28,d1,d1,d1,d1,d1,y6,y6,y6,y6,y6,y6,y6,y6,y6,y6,y6,y6,y6,y6,y6,y6,y6,y6,y6,d1,d1,d1,d1,d1,d1,d1,d1,d1,d1,d1,d1,d1,d1,d1,d1,d1,d1,d1,d1,d1,d1,d1,d1,d1,d1,d1,d1,y2,y2,y2,y2,y2,y2,y2,y2,y2,y2,y2,y2,y2,y2,y2,y2,y2,y2,y2,y2,y2,y2,y2,y2,y2,y2,y2,y2,y2,y2,y2,y2,y2,y2,y2,y2,y2,y2,d1,d1,d1,d1,d1
27,d1,d1,d1,d1,d1,y6,y6,y6,y6,y6,y6,y6,y6,y6,y6,y6,y6,y6,y6,y6,y6,y6,y6,y6,y6,y6,y6,d1,d1,d1,d1,d1,d1,d1,d1,d1,d1,d1,d1,d1,d1,d1,d1,d1,d1,d1,d1,d1,d1,d1,d1,d1,y2,y2,y2,y2,y2,y2,y2,y2,y2,y2,y2,y2,y2,y2,y2,y2,y2,y2,y2,y2,y2,y2,y2,y2,y2,y2,y2,y2,y2,y2,y2,y2,y2,y2,y2,y2,y2,y2,d1,d1,d1,d1,d1
26,d1,d1,d1,d1,d1,y6,y6,y6,y6,y6,y6,y6,y6,y6,y6,y6,y6,y6,y6,y6,y6,y6,y6,y6,y6,y6,y6,d1,d1,d1,d1,d1,d1,d1,d1,d1,d1,d1,d1,d1,d1,d1,d1,d1,d1,d1,d1,d1,d1,d1,d1,d1,y2,y2,y2,y2,y2,y2,y2,y2,y2,y2,y2,y2,y2,y2,y2,y2,y2,y2,y2,y2,y2,y2,y2,y2,y2,y2,y2,y2,y2,y2,y2,y2,y2,y2,y2,y2,y2,y2,d1,d1,d1,d1,d1
25,d1,d1,d1,d1,d1,y6,y6,y6,y6,y6,y6,y6,y6,y6,y6,y6,y6,y6,y6,y6,y6,y6,y6,y6,y6,y6,y6,y6,d1,d1,d1,d1,d1,d1,d1,d1,d1,d1,d1,d1,d1,d1,d1,d1,d1,d1,d1,d1,d1,d1,d1,d1,y2,y2,y2,y2,y2,y2,y2,y2,y2,y2,y2,y2,y2,y2,y2,y2,y2,y2,y2,y2,y2,y2,y2,y2,y2,y2,y2,y2,y2,y2,y2,y2,y2,y2,y2,y2,y2,y2,d1,d1,d1,d1,d1
24,d1,d1,d1,d1,d1,y6,y6,y6,y6,y6,y6,y6,y6,y6,y6,y6,y6,y6,y6,y6,y6,y6,y6,y6,y6,y6,y6,y6,d1,d1,d1,d1,d1,d1,d1,d1,d1,d1,d1,d1,d1,d1,d1,d1,d1,d1,d1,d1,d1,d1,d1,d1,y2,y2,y2,y2,y2,y2,y2,y2,y2,y2,y2,y2,y2,y2,y2,y2,y2,y2,y2,y2,y2,y2,y2,y2,y2,y2,y2,y2,y2,y2,y2,y2,y2,y2,y2,y2,y2,y2,d1,d1,d1,d1,d1
23,d1,d1,d1,d1,d1,y6,y6,y6,y6,y6,y6,y6,y6,y6,y6,y6,y6,y6,y6,y6,y6,y6,y6,y6,y6,y6,y6,y6,d1,d1,d1,d1,d1,d1,d1,d1,d1,d1,d1,d1,d1,d1,d1,d1,d1,d1,d1,d1,d1,d1,d1,d1,y2,y2,y2,y2,y2,y2,y2,y2,y2,y2,y2,y2,y2,y2,y2,y2,y2,y2,y2,y2,y2,y2,y2,y2,y2,y2,y2,y2,y2,y2,y2,y2,y2,y2,y2,y2,y2,y2,d1,d1,d1,d1,d1
22,d1,d1,d1,d1,d1,y6,y6,y6,y6,y6,y6,y6,y6,y6,y6,y6,y6,y6,y6,y6,y6,y6,y6,y6,y6,y6,y6,y6,y6,d1,d1,d1,d1,d1,d1,d1,d1,d1,d1,d1,d1,d1,d1,d1,d1,d1,d1,d1,d1,d1,d1,d1,y2,y2,y2,y2,y2,y2,y2,y2,y2,y2,y2,y2,y2,y2,y2,y2,y2,y2,y2,y2,y2,y2,y2,y2,y2,y2,y2,y2,y2,y2,y2,y2,y2,y2,y2,y2,y2,y2,d1,d1,d1,d1,d1
21,d1,d1,d1,d1,d1,y6,y6,y6,y6,y6,y6,y6,y6,y6,y6,y6,y6,y6,y6,y6,y6,y6,y6,y6,y6,y6,y6,y6,y6,d1,d1,d1,d1,d1,d1,d1,d1,d1,d1,d1,d1,d1,d1,d1,d1,d1,d1,d1,d1,d1,d1,d1,y2,y2,y2,y2,y2,y2,y2,y2,y2,y2,y2,y2,y2,y2,y2,y2,y2,y2,y2,y2,y2,y2,y2,y2,y2,y2,y2,y2,y2,y2,y2,y2,y2,y2,y2,y2,y2,y2,d1,d1,d1,d1,d1
20,d1,d1,d1,d1,d1,y6,y6,y6,y6,y6,y6,y6,y6,y6,y6,y6,y6,y6,y6,y6,y6,y6,y6,y6,y6,y6,y6,y6,y6,d1,d1,d1,d1,d1,d1,d1,d1,d1,d1,d1,d1,d1,d1,d1,d1,d1,d1,d1,d1,d1,d1,d1,y2,y2,y2,y2,y2,y2,y2,y2,y2,y2,y2,y2,y2,y2,y2,y2,y2,y2,y2,y2,y2,y2,y2,y2,y2,y2,y2,y2,y2,y2,y2,y2,y2,y2,y2,y2,y2,y2,d1,d1,d1,d1,d1
19,d1,d1,d1,d1,d1,y6,y6,y6,y6,y6,y6,y6,y6,y6,y6,y6,y6,y6,y6,y6,y6,y6,y6,y6,y6,y6,y6,y6,y6,y6,d1,d1,d1,d1,d1,d1,d1,d1,d1,d1,d1,d1,d1,d1,d1,d1,d1,d1,d1,d1,d1,d1,y2,y2,y2,y2,y2,y2,y2,y2,y2,y2,y2,y2,y2,y2,y2,y2,y2,y2,y2,y2,y2,y2,y2,y2,y2,y2,y2,y2,y2,y2,y2,y2,y2,y2,y2,y2,y2,y2,d1,d1,d1,d1,d1
18,d1,d1,d1,d1,d1,y6,y6,y6,y6,y6,y6,y6,y6,y6,y6,y6,y6,y6,y6,y6,y6,y6,y6,y6,y6,y6,y6,y6,y6,y6,y6,d1,d1,d1,d1,d1,d1,d1,d1,d1,d1,d1,d1,d1,d1,d1,d1,d1,d1,d1,d1,d1,y2,y2,y2,y2,y2,y2,y2,y2,y2,y2,y2,y2,y2,y2,y2,y2,y2,y2,y2,y2,y2,y2,y2,y2,y2,y2,y2,y2,y2,y2,y2,y2,y2,y2,y2,y2,y2,y2,d1,d1,d1,d1,d1
17,d1,d1,d1,d1,d1,d1,d1,d1,d1,d1,d1,d1,d1,d1,d1,d1,d1,d1,d1,d1,d1,d1,d1,d1,d1,d1,d1,d1,d1,d1,d1,d1,d1,d1,d1,d1,d1,d1,d1,d1,d1,d1,d1,d1,d1,d1,d1,d1,d1,d1,d1,d1,d1,d1,d1,d1,d1,d1,d1,d1,d1,d1,d1,d1,d1,d1,d1,d1,d1,d1,d1,d1,d1,d1,d1,d1,d1,d1,d1,d1,d1,d1,d1,d1,d1,d1,d1,d1,d1,d1,d1,d1,d1,d1,d1
16,d1,d1,d1,d1,d1,d1,d1,d1,d1,d1,d1,d1,d1,d1,d1,d1,d1,d1,d1,d1,d1,d1,d1,d1,d1,d1,d1,d1,d1,d1,d1,d1,d1,d1,d1,d1,d1,d1,d1,d1,d1,d1,d1,d1,d1,d1,d1,d1,d1,d1,d1,d1,d1,d1,d1,d1,d1,d1,d1,d1,d1,d1,d1,d1,d1,d1,d1,d1,d1,d1,d1,d1,d1,d1,d1,d1,d1,d1,d1,d1,d1,d1,d1,d1,d1,d1,d1,d1,d1,d1,d1,d1,d1,d1,d1
15,d1,d1,d1,d1,d1,d1,d1,d1,d1,d1,d1,d1,d1,d1,d1,d1,d1,d1,d1,d1,d1,d1,d1,d1,d1,d1,d1,d1,d1,d1,d1,d1,d1,d1,d1,d1,d1,d1,d1,d1,d1,d1,d1,d1,d1,d1,d1,d1,d1,d1,d1,d1,d1,d1,d1,d1,d1,d1,d1,d1,d1,d1,d1,d1,d1,d1,d1,d1,d1,d1,d1,d1,d1,d1,d1,d1,d1,d1,d1,d1,d1,d1,d1,d1,d1,d1,d1,d1,d1,d1,d1,d1,d1,d1,d1
14,d1,d1,d1,d1,d1,d1,d1,d1,d1,d1,d1,d1,d1,d1,d1,d1,d1,d1,d1,d1,d1,d1,d1,d1,d1,d1,d1,d1,d1,d1,d1,d1,d1,d1,d1,d1,d1,d1,d1,d1,d1,d1,d1,d1,d1,d1,d1,d1,d1,d1,d1,d1,d1,d1,d1,d1,d1,d1,d1,d1,d1,d1,d1,d1,d1,d1,d1,d1,d1,d1,d1,d1,d1,d1,d1,d1,d1,d1,d1,d1,d1,d1,d1,d1,d1,d1,d1,d1,d1,d1,d1,d1,d1,d1,d1
13,d1,d1,d1,d1,d1,d1,d1,d1,d1,d1,d1,d1,d1,d1,d1,d1,d1,d1,d1,d1,d1,d1,d1,d1,d1,d1,d1,d1,d1,d1,d1,d1,d1,d1,d1,d1,d1,d1,d1,d1,d1,d1,d1,d1,d1,d1,d1,d1,d1,d1,d1,d1,d1,d1,d1,d1,d1,d1,d1,d1,d1,d1,d1,d1,d1,d1,d1,d1,d1,d1,d1,d1,d1,d1,d1,d1,d1,d1,d1,d1,d1,d1,d1,d1,d1,d1,d1,d1,d1,d1,d1,d1,d1,d1,d1
12,d1,d1,d1,d1,d1,d1,d1,d1,d1,d1,d1,d1,d1,d1,d1,d1,d1,d1,d1,d1,d1,d1,d1,d1,d1,d1,d1,d1,d1,d1,d1,d1,d1,d1,d1,d1,d1,d1,d1,d1,d1,d1,d1,d1,d1,d1,d1,d1,d1,d1,d1,d1,d1,d1,d1,d1,d1,d1,d1,d1,d1,d1,d1,d1,d1,d1,d1,d1,d1,d1,d1,d1,d1,d1,d1,d1,d1,d1,d1,d1,d1,d1,d1,d1,d1,d1,d1,d1,d1,d1,d1,d1,d1,d1,d1
11,d1,d1,d1,d1,d1,y7,y7,y7,y7,y7,y7,y7,y7,y7,y7,y7,y7,y7,y7,y7,y7,y7,y7,y7,y7,y7,y7,y7,y7,y7,y7,y7,d1,d1,d1,d1,d1,d1,d1,d1,d1,d1,d1,d1,d1,d1,d1,d1,d1,d1,d1,d1,y1,y1,y1,y1,y1,y1,y1,y1,y1,y1,y1,y1,y1,y1,y1,y1,y1,y1,y1,y1,y1,y1,y1,y1,y1,y1,y1,y1,y1,y1,y1,y1,y1,y1,y1,y1,y1,y1,d1,d1,d1,d1,d1
10,d1,d1,d1,d1,d1,y7,y7,y7,y7,y7,y7,y7,y7,y7,y7,y7,y7,y7,y7,y7,y7,y7,y7,y7,y7,y7,y7,y7,y7,y7,y7,y7,d1,d1,d1,d1,d1,d1,d1,d1,d1,d1,d1,d1,d1,d1,d1,d1,d1,d1,d1,d1,y1,y1,y1,y1,y1,y1,y1,y1,y1,y1,y1,y1,y1,y1,y1,y1,y1,y1,y1,y1,y1,y1,y1,y1,y1,y1,y1,y1,y1,y1,y1,y1,y1,y1,y1,y1,y1,y1,d1,d1,d1,d1,d1
9,d1,d1,d1,d1,d1,y7,y7,y7,y7,y7,y7,y7,y7,y7,y7,y7,y7,y7,y7,y7,y7,y7,y7,y7,y7,y7,y7,y7,y7,y7,y7,y7,d1,d1,d1,d1,d1,d1,d1,d1,d1,d1,d1,d1,d1,d1,d1,d1,d1,d1,d1,d1,y1,y1,y1,y1,y1,y1,y1,y1,y1,y1,y1,y1,y1,y1,y1,y1,y1,y1,y1,y1,y1,y1,y1,y1,y1,y1,y1,y1,y1,y1,y1,y1,y1,y1,y1,y1,y1,y1,d1,d1,d1,d1,d1
8,d1,d1,d1,d1,d1,y7,y7,y7,y7,y7,y7,y7,y7,y7,y7,y7,y7,y7,y7,y7,y7,y7,y7,y7,y7,y7,y7,y7,y7,y7,y7,y7,d1,d1,d1,d1,d1,d1,d1,d1,d1,d1,d1,d1,d1,d1,d1,d1,d1,d1,d1,d1,y1,y1,y1,y1,y1,y1,y1,y1,y1,y1,y1,y1,y1,y1,y1,y1,y1,y1,y1,y1,y1,y1,y1,y1,y1,y1,y1,y1,y1,y1,y1,y1,y1,y1,y1,y1,y1,y1,d1,d1,d1,d1,d1
7,d1,d1,d1,d1,d1,y7,y7,y7,y7,y7,y7,y7,y7,y7,y7,y7,y7,y7,y7,y7,y7,y7,y7,y7,y7,y7,y7,y7,y7,y7,y7,y7,d1,d1,d1,d1,d1,d1,d1,d1,d1,d1,d1,d1,d1,d1,d1,d1,d1,d1,d1,d1,y1,y1,y1,y1,y1,y1,y1,y1,y1,y1,y1,y1,y1,y1,y1,y1,y1,y1,y1,y1,y1,y1,y1,y1,y1,y1,y1,y1,y1,y1,y1,y1,y1,y1,y1,y1,y1,y1,d1,d1,d1,d1,d1
6,d1,d1,d1,d1,d1,d1,d1,d1,d1,d1,d1,d1,d1,d1,d1,d1,d1,d1,d1,d1,d1,d1,d1,d1,d1,d1,d1,d1,d1,d1,d1,d1,d1,d1,d1,d1,d1,d1,d1,d1,d1,d1,d1,d1,d1,d1,d1,d1,d1,d1,d1,d1,d1,d1,d1,d1,d1,d1,d1,d1,d1,d1,d1,d1,d1,d1,d1,d1,d1,d1,d1,d1,d1,d1,d1,d1,d1,d1,d1,d1,d1,d1,d1,d1,d1,d1,d1,d1,d1,d1,d1,d1,d1,d1,d1
5,d1,d1,d1,d1,d1,d1,d1,d1,d1,d1,d1,d1,d1,d1,d1,d1,d1,d1,d1,d1,d1,d1,d1,d1,d1,d1,d1,d1,d1,d1,d1,d1,d1,d1,d1,d1,d1,d1,d1,d1,d1,d1,d1,d1,d1,d1,d1,d1,d1,d1,d1,d1,d1,d1,d1,d1,d1,d1,d1,d1,d1,d1,d1,d1,d1,d1,d1,d1,d1,d1,d1,d1,d1,d1,d1,d1,d1,d1,d1,d1,d1,d1,d1,d1,d1,d1,d1,d1,d1,d1,d1,d1,d1,d1,d1
4,d1,d1,d1,d1,d1,d1,d1,d1,d1,d1,d1,d1,d1,d1,d1,d1,d1,d1,d1,d1,d1,d1,d1,d1,d1,d1,d1,d1,d1,d1,d1,d1,d1,d1,d1,d1,d1,d1,d1,d1,d1,d1,d1,d1,d1,d1,d1,d1,d1,d1,d1,d1,d1,d1,d1,d1,d1,d1,d1,d1,d1,d1,d1,d1,d1,d1,d1,d1,d1,d1,d1,d1,d1,d1,d1,d1,d1,d1,d1,d1,d1,d1,d1,d1,d1,d1,d1,d1,d1,d1,d1,d1,d1,d1,d1
3,d1,d1,d1,d1,d1,d1,d1,d1,d1,d1,d1,d1,d1,d1,d1,d1,d1,d1,d1,d1,d1,d1,d1,d1,d1,d1,d1,d1,d1,d1,d1,d1,d1,d1,d1,d1,d1,d1,d1,d1,d1,d1,d1,d1,d1,d1,d1,d1,d1,d1,d1,d1,d1,d1,d1,d1,d1,d1,d1,d1,d1,d1,d1,d1,d1,d1,d1,d1,d1,d1,d1,d1,d1,d1,d1,d1,d1,d1,d1,d1,d1,d1,d1,d1,d1,d1,d1,d1,d1,d1,d1,d1,d1,d1,d1
2,d1,d1,d1,d1,d1,d1,d1,d1,d1,d1,d1,d1,d1,d1,d1,d1,d1,d1,d1,d1,d1,d1,d1,d1,d1,d1,d1,d1,d1,d1,d1,d1,d1,d1,d1,d1,d1,d1,d1,d1,d1,d1,d1,d1,d1,d1,d1,d1,d1,d1,d1,d1,d1,d1,d1,d1,d1,d1,d1,d1,d1,d1,d1,d1,d1,d1,d1,d1,d1,d1,d1,d1,d1,d1,d1,d1,d1,d1,d1,d1,d1,d1,d1,d1,d1,d1,d1,d1,d1,d1,d1,d1,d1,d1,d1
1,,,,,,,,,,,,,,,,,,,,,,,,,,,,,,,,,,,,,,,,,,,,,,,,,,,,,,,,,,,,,,,,,,,,,,,,,,,,,,,,,,,,,,,,,,,,,,,
